연번,역번호,호선,역명,역전화번호,도로명주소,지번주소,gu,law_code,name_std,lat,lon,geo_status
92,340,3,가락시장,02-6110-3501,서울특별시 송파구 송파대로 지하257(가락동),서울특별시 송파구 가락동 184-23 가락시장역(3호선),송파구,11240,가락시장역,37.4956865,127.1184047,OK
266,2818,8,가락시장,02-6311-8171,서울특별시 송파구 송파대로 지하257(가락동),서울특별시 송파구 가락동 184-23 가락시장역(8호선),송파구,11240,가락시장역,37.4956865,127.1184047,OK
253,2748,7,가산디지털단지,02-6311-7461,서울특별시 금천구 벚꽃로 309(가산동),서울특별시 금천구 가산동 468-4 가산디지털단지역(7호선),금천구,11180,가산디지털단지역,37.4824123,126.8822401,OK
,,,,,,,,,가산디지털단지역9번출구,37.48058596,126.88164,
,,9,,,,,,,가양역,37.561391,126.854456,
237,2732,7,강남구청,02-6311-7301,서울특별시 강남구 학동로 지하346(삼성동),서울특별시 강남구 삼성동 111-44 강남구청역(7호선),강남구,11230,강남구청역,37.51673170000001,127.042221,OK
32,222,2,강남,02-6110-2221,서울특별시 강남구 강남대로 지하396(역삼동),서울특별시 강남구 역삼동 858 강남역(2호선),강남구,11230,강남역,37.5000776,127.0385419,OK
,,,,,,,,,강남역,37.496068,127.028506,
,,,,,,,,,강남역11번출구,37.49887168,127.0275256,
,,,,,,,,,강남역10번출구,37.4986655,127.027028,
,,,,,,,,,강남역3번출구,37.49674957,127.0285002,
,,,,,,,,,강남역5번출구,37.4953331,127.0286295,
,,,,,,,,,강남역6번출구,37.4965226,127.0280671,
,,,,,,,,,강남역7번출구,37.4971847,127.0277566,
,,,,,,,,,강남역8번출구,37.497534,127.0271862,
,,,,,,,,,강남역9번출구,37.4979524,127.0268637,
261,2813,8,강동구청,02-6311-8121,서울특별시 강동구 올림픽로 지하550(성내동),서울특별시 강동구 성내동 319 강동구청역(8호선),강동구,11250,강동구청역,37.5291562,127.1237948,OK
159,2549,5,강동,02-6311-5481,서울특별시 강동구 천호대로 지하1097(천호동),서울특별시 강동구 천호동 447 강동역(5호선),강동구,11250,강동역,37.5443765,127.1276202,OK
24,214,2,강변(동서울터미널),02-6110-2141,서울특별시 광진구 강변역로 53(구의동),서울특별시 광진구 구의동 546-6 강변역(2호선),광진구,11050,강변역,37.5353816,127.0945451,OK
172,2562,5,강일,02-6311-5611,서울특별시 강동구 고덕로 지하456(강일동),서울특별시 강동구 상일동 산73 강일역(5호선),강동구,11250,강일역,37.5570545,127.169184,OK
169,2559,5,개롱,02-6311-5581,서울특별시 송파구 오금로 지하402(가락동),서울특별시 송파구 가락동 165-2 개롱역(5호선),송파구,11240,개롱역,37.4956865,127.1184047,OK
122,2512,5,개화산,02-6311-5111,서울특별시 강서구 양천로 22(방화동),서울특별시 강서구 방화동 846 개화산역(5호선),강서구,11160,개화산역,37.564519,126.8110207,OK
,,9,,,,,,,개화역,37.578608,126.798153,
170,2560,5,거여,02-6311-5591,서울특별시 송파구 오금로 지하499(거여동),서울특별시 송파구 거여동 20-14 거여역(5호선),송파구,11240,거여역,37.4897279,127.1449912,OK
22,212,2,건대입구,02-6110-2121,서울특별시 광진구 아차산로 243(화양동),서울특별시 광진구 화양동 7-3 2호선 건대입구역(2호선),광진구,11050,건대입구역,37.5432534,127.07341,OK
234,2729,7,건대입구,02-6311-7271,서울특별시 광진구 능동로 지하110(화양동),서울특별시 광진구 화양동 6-3 건대입구역(7호선),광진구,11050,건대입구역,37.5463089,127.0729231,OK
,,,,,,,,,건대입구역1번출구,37.54074702,127.0687223,
69,317,3,경복궁(정부서울청사),02-6110-3271,서울특별시 종로구 사직로 지하130(적선동),서울특별시 종로구 적선동 81-1 경복궁역(3호선),종로구,11010,경복궁역,37.574115,126.9743671,OK
93,341,3,경찰병원,02-6110-3511,서울특별시 송파구 중대로 지하149(가락동),서울특별시 송파구 가락동 10-15 경찰병원역(3호선),송파구,11240,경찰병원역,37.491717,127.115294,OK
163,2553,5,고덕,02-6311-5521,서울특별시 강동구 고덕로 지하253(고덕동),서울특별시 강동구 고덕동 310 고덕역(5호선),강동구,11250,고덕역,37.5560941,127.1544506,OK
207,2641,6,고려대(종암),02-6311-6401,서울특별시 성북구 종암로 지하1(종암동),서울특별시 성북구 종암동 29-18 고려대역(6호선),성북구,11080,고려대역,37.5981288,127.0404024,OK
81,329,3,고속터미널,02-6110-3391,서울특별시 서초구 신반포로 지하188(반포동),서울특별시 서초구 반포동 19-11 고속터미널역(3호선),서초구,11220,고속터미널역,37.5054982,127.0011512,OK
241,2736,7,고속터미널,02-6311-7341,서울특별시 서초구 신반포로 지하188(반포동),서울특별시 서초구 반포동 19-11 고속터미널역(7호선),서초구,11220,고속터미널역,37.5054982,127.0011512,OK
,,9,,,,,,,고속터미널역,37.50481,127.004943,
,,,,,,,,,고속터미널역1번출구,37.5060414,127.00554,
,,,,,,,,,고속터미널역2번출구,37.5041909,127.0054608,
,,,,,,,,,고속터미널역3번출구,37.5034384,127.0055165,
,,,,,,,,,고속터미널역4번출구,37.5028987,127.0037223,
,,,,,,,,,고속터미널역5번출구,37.5025108,127.0027169,
,,,,,,,,,고속터미널역6번출구,37.5026901,127.0026847,
,,,,,,,,,고속터미널역7번출구,37.5040919,127.0052559,
,,,,,,,,,고속터미널역8-1번출구,37.5059963,127.0036894,
,,,,,,,,,고속터미널역8번출구,37.5057852,127.0043053,
140,2530,5,공덕,02-6311-5291,서울특별시 마포구 마포대로 지하100(공덕동),서울특별시 마포구 공덕동 423-29 공덕역(5호선),마포구,11140,공덕역,37.5511348,126.9583888,OK
193,2627,6,공덕,02-6311-5291,서울특별시 마포구 백범로 지하200(공덕동),서울특별시 마포구 공덕동 439 공덕역(6호선),마포구,11140,공덕역,37.5491304,126.9516779,OK
,,,,,,,,,공덕역1번출구,37.54396421,126.9505112,
,,,,,,,,,공덕역6번출구,37.54364744,126.9525454,
223,2718,7,공릉(서울과학기술대),02-6311-7161,서울특별시 노원구 동일로 지하1074(공릉동),서울특별시 노원구 공릉동 385-4 공릉역(7호선),노원구,11110,공릉역,37.6304722,127.0909904,OK
,,9,,,,,,,공항시장역,37.563726,126.810678,
,,,,,,,,,광교역,37.30141,127.044731,
,,,,,,,,,광교중앙역,37.288,127.051,
157,2547,5,광나루(장신대),02-6311-5461,서울특별시 광진구 아차산로 지하571(광장동),서울특별시 광진구 광장동 237 광나루역(5호선),광진구,11050,광나루역,37.5408623,127.09657,OK
255,2750,7,광명사거리,02-6311-7481,경기도 광명시 오리로 지하980(광명동),경기도 광명시 광명동 158-211 광명사거리역(7호선),,,광명사거리역,37.4717061,126.8526377,OK
144,2534,5,광화문(세종문화회관),02-6311-5331,서울특별시 종로구 세종대로 지하172(세종로),서울특별시 종로구 세종로 1-68 5호선 광화문역(5호선),종로구,11010,광화문역,37.5722099,126.9768146,OK
191,2625,6,광흥창(서강),02-6311-6241,서울특별시 마포구 독막로 지하165(창전동),서울특별시 마포구 창전동 145-17 광흥창역(6호선),마포구,11140,광흥창역,37.5452972,126.9310644,OK
33,223,2,"교대(법원, 검찰청)",02-6110-2231,서울특별시 서초구 서초대로 지하294(서초동),서울특별시 서초구 서초동 1748-4 교대역(2호선),서초구,11220,교대역,37.4910405,127.004581,OK
82,330,3,"교대(법원, 검찰청)",02-6110-3401,서울특별시 서초구 서초대로 지하294(서초동),서울특별시 서초구 서초동 1748-4 교대역(3호선),서초구,11220,교대역,37.4910405,127.004581,OK
,,,,,,,,,교대역10번출구,37.4936332,127.0130125,
,,,,,,,,,교대역11번출구,37.4938282,127.0133543,
,,,,,,,,,교대역12번출구,37.4933683,127.0139389,
,,,,,,,,,교대역13번출구,37.4920221,127.0141389,
,,,,,,,,,교대역14번출구,37.4919815,127.0138615,
,,,,,,,,,교대역1번출구,37.494134,127.0155944,
,,,,,,,,,교대역2번출구,37.4939798,127.015137,
,,,,,,,,,교대역3번출구,37.494244,127.015011,
,,,,,,,,,교대역4번출구,37.4943924,127.0154793,
,,,,,,,,,교대역5번출구,37.493758,127.014404,
,,,,,,,,,교대역6번출구,37.494181,127.0137692,
,,,,,,,,,교대역7번출구,37.4940674,127.0144096,
,,,,,,,,,교대역8번출구,37.4933293,127.0134841,
,,,,,,,,,교대역9번출구,37.4933628,127.0131266,
42,232,2,구로디지털단지,02-6110-2321,서울특별시 구로구 도림천로 477(구로동),서울특별시 구로구 구로동 810-3 구로디지털단지역(2호선),구로구,11170,구로디지털단지역,37.485363,126.9010775,OK
,,,,,,,,,구로디지털단지역1번출구,37.48489108,126.9019145,
,,,,,,,,,구로디지털단지역2번출구,37.48510649,126.9009136,
,,,,,,,,,구로디지털단지역4번출구,37.48588145,126.9010256,
,,,,,,,,,구로디지털단지역6번출구,37.48500665,126.9027511,
,,,,,,,,,구로역1번출구,37.50215416,126.881982,
,,9,,,,,,,구반포역,37.501364,126.987332,
,,,,,,,,,구반포역1번출구,37.5015852,126.9865452,
,,,,,,,,,구반포역2번출구,37.5016954,126.9867344,
,,,,,,,,,구반포역3번출구,37.5015342,126.9870954,
182,2616,6,구산,02-6311-6151,서울특별시 은평구 연서로 지하137-1(구산동),서울특별시 은평구 구산동 1 구산역(6호선),은평구,11120,구산역,37.6134018,126.9050205,OK
23,213,2,구의(광진구청),02-6110-2131,서울특별시 광진구 아차산로 384-1(구의동),서울특별시 광진구 구의동 245-24 구의역(2호선),광진구,11050,구의역,37.5444007,127.092844,OK
,,,,,,,,,구의역1번출구,37.536995,127.0850345,
,,,,,,,,,구의역4번출구,37.53679672,127.0851163,
62,310,3,구파발,02-6110-3201,서울특별시 은평구 진관2로 지하15-25 (진관동),서울특별시 은평구 진관동 67-26 구파발역(3호선),은평구,11120,구파발역,37.6358242,126.9241625,OK
,,,,,,,,,구파발역1번출구,37.63727375,126.9189244,
,,9,,,,,,,국회의사당역,37.528105,126.917874,
,,,,,,,,,국회의사당역4번출구,37.52746911,126.9180677,
155,2545,5,군자(능동),02-6311-5441,서울특별시 광진구 천호대로 지하550(능동),서울특별시 광진구 능동 275-5 군자(능동)역(5호선),광진구,11050,군자역,37.5505785,127.0817378,OK
232,2727,7,군자(능동),02-6311-5441,서울특별시 광진구 천호대로 지하550(능동),서울특별시 광진구 능동 275-5 군자(능동)역(7호선),광진구,11050,군자역,37.5505785,127.0817378,OK
,,,,,,,,,군자역1번출구,37.55751934,127.0791443,
,,,,,,,,,군자역4번출구,37.55715154,127.0800946,
161,2551,5,굽은다리(강동구민회관앞),02-6311-5501,서울특별시 강동구 양재대로 지하1572(명일동),서울특별시 강동구 명일동 345-12 굽은다리역(5호선),강동구,11250,굽은다리역,37.5490445,127.1508229,OK
76,324,3,금호,02-6110-3341,서울특별시 성동구 동호로 지하104(금호동4가),서울특별시 성동구 금호동4가 1470 금호역(3호선),성동구,11040,금호역,37.5474644,127.0256553,OK
160,2550,5,길동,02-6311-5491,서울특별시 강동구 양재대로 지하1480(길동),서울특별시 강동구 길동 378 길동역(5호선),강동구,11250,길동역,37.5396157,127.1459293,OK
103,417,4,길음,02-6110-4171,서울특별시 성북구 동소문로 지하248(길음동),서울특별시 성북구 길음동 877-66 길음역(4호선),성북구,11080,길음역,37.6085948,127.0220461,OK
123,2513,5,김포공항,02-6311-5121,서울특별시 강서구 하늘길 지하77(방화동),서울특별시 강서구 방화동 886 김포공항역(5호선),강서구,11160,김포공항역,37.5557019,126.8045874,OK
,,9,,,,,,,김포공항역,37.562434,126.801058,
129,2519,5,까치산,02-6311-5181,서울특별시 강서구 강서로 지하54(화곡동),서울특별시 강서구 화곡동 662-5 까치산역(5호선),강서구,11160,까치산역,37.5512896,126.8417531,OK
37,227,2,낙성대(강감찬),02-6110-2271,서울특별시 관악구 남부순환로 지하1928(봉천동),서울특별시 관악구 봉천동 1693-39 낙성대역(2호선),관악구,11210,낙성대역,37.4799015,126.9404631,OK
252,2747,7,남구로,02-6311-7451,서울특별시 구로구 도림로 지하7(구로동) ,서울특별시 구로구 구로동 801-95 남구로역(7호선),구로구,11170,남구로역,37.5050823,126.8887869,OK
83,331,3,남부터미널(예술의전당),02-6110-3411,서울특별시 서초구 서초중앙로 지하31(서초동),서울특별시 서초구 서초동 1748-30 남부터미널역(3호선),서초구,11220,남부터미널역,37.4935639,127.0143391,OK
,,,,,,,,,남부터미널역1번출구,37.4853489,127.016253,
,,,,,,,,,남부터미널역2번출구,37.485206,127.0166573,
,,,,,,,,,남부터미널역4번출구,37.4847686,127.0166126,
,,,,,,,,,남부터미널역5번출구,37.4848228,127.0158786,
,,,,,,,,,남부터미널역6번출구,37.4850157,127.015788,
244,2739,7,남성,02-6311-7371,서울특별시 동작구 사당로 지하218(사당동),서울특별시 동작구 사당동 산25-33 남성역(7호선),동작구,11200,남성역,37.4889312,126.9691198,OK
270,2828,8,남위례,02-6311-8211,경기도 성남시 수정구 공원로 601(복정동),경기도 성남시 수정구 복정동 57 남위례역(8호선),,,남위례역,37.46306999999999,127.1391515,OK
120,434,4,남태령,02-6110-4341,서울특별시 서초구 과천대로 지하816(방배동),서울특별시 서초구 방배동 2909 남태령역(4호선),서초구,11220,남태령역,37.490797,126.9897777,OK
,,,,,,,,,남태령역1번출구,37.4649366,126.9892065,
,,,,,,,,,남태령역2번출구,37.464398,126.988509,
272,2823,8,남한산성입구(성남법원.검찰청),02-6311-8231,경기도 성남시 수정구 산성대로 지하445(단대동),경기도 성남시 수정구 단대동 96 남한산성입구역(8호선),,,남한산성입구역,37.4549348,127.1572993,OK
242,2737,7,내방,02-6311-7351,서울특별시 서초구 서초대로 지하103(방배동),서울특별시 서초구 방배동 874-16 내방역(7호선),서초구,11220,내방역,37.4910405,127.004581,OK
,,,,,,,,,내방역1번출구,37.4877083,126.9942838,
,,,,,,,,,내방역2번출구,37.4872816,126.9940539,
,,,,,,,,,내방역3번출구,37.487207,126.9938286,
,,,,,,,,,내방역4번출구,37.4873944,126.9932824,
,,,,,,,,,내방역5번출구,37.4876677,126.9930763,
,,,,,,,,,내방역6번출구,37.4880687,126.9932916,
,,,,,,,,,내방역7번출구,37.4881097,126.9935308,
,,,,,,,,,내방역8번출구,37.4879362,126.9939885,
,,9,,,,,,,노들역,37.512887,126.953222,
,,9,,,,,,,노량진역,37.514219,126.942454,
97,411,4,노원,02-6110-4111,서울특별시 노원구 상계로 69-1(상계동),서울특별시 노원구 상계동 602-5 노원역(4호선),노원구,11110,노원역,37.6561147,127.0623967,OK
,,,,,,,,,노원역6번출구,37.65380336,127.0605539,
,,,,,,,,,노원역7번출구,37.65440269,127.060203,
,,,,,,,,,노원역8번출구,37.65515501,127.0602065,
220,2715,7,노원,02-6311-7131,서울특별시 노원구 동일로 지하1409(상계동),서울특별시 노원구 상계동 729 노원역(7호선),노원구,11110,노원역,37.6543386,127.0626961,OK
65,313,3,녹번,02-6110-3231,서울특별시 은평구 통일로 지하602-1(녹번동),서울특별시 은평구 녹번동 55 녹번역(3호선),은평구,11120,녹번역,37.6046138,126.9323836,OK
196,2630,6,녹사평(용산구청),02-6311-6291,서울특별시 용산구 녹사평대로 지하195(용산동4가),서울특별시 용산구 용산동4가 4 녹사평역(6호선),용산구,11030,녹사평역,37.5305359,126.9851825,OK
239,2734,7,논현,02-6311-7321,서울특별시 강남구 학동로 지하102(논현동),서울특별시 강남구 논현동 279-67 논현역(7호선),강남구,11230,논현역,37.51673170000001,127.042221,OK
,,신분당선,,,,,,,논현역,37.5096469,127.0220546,
,,,,,,,,,논현역1번출구,37.51107925,127.0217419,
,,,,,,,,,논현역3번출구,37.50987181,127.0222392,
,,,,,,,,,논현역4번출구,37.5096429,127.0218099,
,,,,,,,,,논현역5번출구,37.5106202,127.0213311,
,,,,,,,,,논현역6번출구,37.5109065,127.0211102,
,,,,,,,,,논현역7번출구,37.5111568,127.0210081,
,,,,,,,,,논현역8번출구,37.5116253,127.0208618,
273,2824,8,단대오거리,02-6311-8241,경기도 성남시 수정구 산성대로 지하365(신흥동),경기도 성남시 수정구 신흥동 2467 단대오거리역(8호선),,,단대오거리역,37.4494334,127.1515801,OK
153,2543,5,답십리,02-6311-5421,서울특별시 성동구 천호대로 지하300(용답동),서울특별시 성동구 용답동 99 답십리역(5호선),성동구,11040,답십리역,37.5645064,127.0575456,OK
47,237,2,당산,02-6110-2371,서울특별시 영등포구 당산로 229(당산동6가),서울특별시 영등포구 당산동 6가 323-1 당산역(2호선),영등포구,11190,당산역,37.5346602,126.9028802,OK
,,9,,,,,,,당산역,37.53438,126.902281,
,,,,,,,,,당산역11번출구,37.5336035,126.9014604,
,,,,,,,,,당산역12번출구,37.53405837,126.9012929,
43,233,2,대림(구로구청),02-6110-2331,서울특별시 구로구 도림천로 351(구로동),서울특별시 구로구 구로동 1204 대림역(2호선),구로구,11170,대림역,37.4934315,126.8947998,OK
251,2746,7,대림(구로구청),02-6311-7441,서울특별시 영등포구 도림로 지하137(대림동),서울특별시 영등포구 대림동 1050-17 대림역(7호선),영등포구,11190,대림역,37.4954266,126.9001326,OK
89,337,3,대청,02-6110-3471,서울특별시 강남구 일원로 지하2(일원동),서울특별시 강남구 일원동 700-9 대청역(3호선),강남구,11230,대청역,37.4881652,127.0828815,OK
,,,,,,,,,대청역4번출구,37.49339458,127.0798116,
87,335,3,대치,02-6110-3451,서울특별시 강남구 남부순환로 지하2952(대치동),서울특별시 강남구 대치동 317-3 대치역(3호선),강남구,11230,대치역,37.49387,127.061371,OK
192,2626,6,대흥(서강대앞),02-6311-6251,서울특별시 마포구 대흥로 지하85(대흥동),서울특별시 마포구 대흥동 128-1 대흥역(6호선),마포구,11140,대흥역,37.5497599,126.9431416,OK
86,334,3,도곡,02-6110-3441,서울특별시 강남구 남부순환로 지하2814(도곡동),서울특별시 강남구 도곡동 339-2 도곡역(3호선),강남구,11230,도곡역,37.48859059999999,127.0452757,OK
57,247,2,도림천,02-6110-2441,서울특별시 구로구 경인로67길 160(신도림동),서울특별시 구로구 신도림동 323-16 도림천역(2호선),구로구,11170,도림천역,37.5142835,126.8829718,OK
217,2712,7,도봉산,02-6311-7101,서울특별시 도봉구 도봉로 964-40(도봉동),서울특별시 도봉구 도봉동 38-3 도봉산역(7호선),도봉구,11100,도봉산역,37.6890338,127.0466673,OK
68,316,3,독립문,02-6110-3261,서울특별시 서대문구 통일로 지하247(현저동),서울특별시 서대문구 현저동 101 독립문역(3호선),서대문구,11130,독립문역,37.57142109999999,126.9560102,OK
180,2614,6,독바위,02-6311-6131,서울특별시 은평구 불광로 지하129-1(불광동),서울특별시 은평구 불광동 13-33 독바위역(6호선),은평구,11120,독바위역,37.6217371,126.9272708,OK
210,2644,6,돌곶이,02-6311-6431,서울특별시 성북구 화랑로 지하243(석관동),서울특별시 성북구 석관동 349-8 돌곶이역(6호선),성북구,11080,돌곶이역,37.611277,127.0580352,OK
6,155,1,동대문,02-6110-1281,서울특별시 종로구 종로 지하302(창신동),서울특별시 종로구 창신동 492-1 동대문역(1호선),종로구,11010,동대문역,37.5728396,127.0144679,OK
107,421,4,동대문,02-6110-4211,서울특별시 종로구 율곡로 지하308(종로6가),서울특별시 종로구 종로6가 287-1 동대문역(4호선),종로구,11010,동대문역,37.5719508,127.0076798,OK
15,205,2,동대문역사문화공원(DDP),02-6110-2051,서울특별시 중구 을지로 지하279(을지로7가),서울특별시 중구 을지로 7가 112-3 동대문역사문화공원역(2호선),중구,11020,동대문역사문화공원역,37.5662916,127.0096225,OK
108,422,4,동대문역사문화공원(DDP),02-6110-4221,서울특별시 중구 장충단로 지하230(광희동2가),서울특별시 중구 광희동2가 9 동대문역사문화공원역(4호선),중구,11020,동대문역사문화공원역,37.5637333,127.0085617,OK
147,2537,5,동대문역사문화공원(DDP),02-6311-5361,서울특별시 중구 마른내로 지하162(광희동1가),서울특별시 중구 광희동1가 235-6 동대문역사문화공원역(5호선),중구,11020,동대문역사문화공원역,37.5650361,127.0059266,OK
74,322,3,동대입구,02-6110-3321,서울특별시 중구 동호로 지하256(장충동2가),서울특별시 중구 장충동2가 199-3 동대입구역(3호선),중구,11020,동대입구역,37.5605514,127.0057072,OK
10,159,1,동묘앞,02-6110-1271,서울특별시 종로구 종로 359(숭인동),서울특별시 종로구 숭인동 117 동묘앞역(1호선),종로구,11010,동묘앞역,37.5775993,127.0223262,OK
203,2637,6,동묘앞,02-6311-6361,서울특별시 종로구 지봉로 지하24(숭인동),서울특별시 종로구 숭인동 316-3 동묘앞역(6호선),종로구,11010,동묘앞역,37.5753626,127.0154315,OK
117,431,4,동작(현충원),02-6110-4311,서울특별시 동작구 현충로 257(동작동),서울특별시 동작구 동작동 327-1 동작역(4호선),동작구,11200,동작역,37.5028599,126.9799855,OK
,,9,,,,,,,동작역,37.502971,126.979306,
,,,,,,,,,동작역1번출구,37.5030069,126.980634,
,,,,,,,,,동천역,37.2016,127.0609,
165,2555,5,둔촌동,02-6311-5541,서울특별시 강동구 양재대로 지하1369(둔촌동),서울특별시 강동구 둔촌동 416 둔촌동역(5호선),강동구,11250,둔촌동역,37.527657,127.136231,OK
288,4137,9,둔촌오륜,02-2656-0937,서울특별시 강동구 강동대로 지하303(둔촌동),서울특별시 강동구 둔촌동 227-7 둔촌오륜역(9호선),강동구,11250,둔촌오륜역,37.5221461,127.1337753,OK
,,9,,,,,,,등촌역,37.550632,126.865689,
185,2619,6,디지털미디어시티,02-6311-6181,서울특별시 은평구 수색로 지하175(증산동),서울특별시 은평구 증산동 223-25 디지털미디어시티역(6호선),은평구,11120,디지털미디어시티역,37.58214359999999,126.9062444,OK
20,210,2,뚝섬,02-6110-2101,서울특별시 성동구 아차산로 18(성수동1가),서울특별시 성동구 성수동1가 656-745 뚝섬역(2호선),성동구,11040,뚝섬역,37.5463387,127.0535209,OK
,,9,,,,,,,마곡나루역,37.567336,126.829497,
,,,,,,,,,마곡나루역2번출구,37.56689832,126.8274918,
125,2515,5,마곡,02-6311-5141,서울특별시 강서구 공항대로 지하163(마곡동),서울특별시 강서구 마곡동 769-3 마곡역(5호선),강서구,11160,마곡역,37.5745847,126.8278331,OK
,,,,,,,,,마곡나루역1번출구,37.56699385,126.8265889,
,,,,,,,,,마곡역3번출구,37.55983246,126.8276241,
,,,,,,,,,마곡역4번출구,37.55942019,126.8275854,
219,2714,7,마들,02-6311-7121,서울특별시 노원구 동일로 지하1530-1(상계동),서울특별시 노원구 상계동 650 마들역(7호선),노원구,11110,마들역,37.6543386,127.0626961,OK
152,2542,5,마장,02-6311-5411,서울특별시 성동구 마장로 지하296(마장동),서울특별시 성동구 마장동 804 마장역(5호선),성동구,11040,마장역,37.567372,127.0349439,OK
171,2561,5,마천,02-6311-5601,서울특별시 송파구 마천로57길 지하7(마천동),서울특별시 송파구 마천동 307-4 마천역(5호선),송파구,11240,마천역,37.4952383,127.1532327,OK
187,2621,6,마포구청,02-6311-6201,서울특별시 마포구 월드컵로 지하190(성산동),서울특별시 마포구 성산동 592 마포구청역(6호선),마포구,11140,마포구청역,37.5656178,126.9046897,OK
,,,,,,,,,마포구청역1번출구,37.56474965,126.9025315,
139,2529,5,마포,02-6311-5281,서울특별시 마포구 마포대로 지하33(도화동),서울특별시 마포구 도화동 160 마포역(5호선),마포구,11140,마포역,37.5389594,126.9491776,OK
,,,,,,,,,망우역1번출구,37.59920966,127.0927772,
188,2622,6,망원,02-6311-6211,서울특별시 마포구 월드컵로 지하77(망원동),서울특별시 마포구 망원동 378 망원역(6호선),마포구,11140,망원역,37.5554884,126.8998606,OK
85,333,3,매봉,02-6110-3431,서울특별시 강남구 남부순환로 지하2744(도곡동),서울특별시 강남구 도곡동 179-2 매봉역(3호선),강남구,11230,매봉역,37.48859059999999,127.0452757,OK
225,2720,7,먹골,02-6311-7181,서울특별시 중랑구 동일로 지하901(묵동),서울특별시 중랑구 묵동 189-5 먹골역(7호선),중랑구,11070,먹골역,37.5976182,127.0790622,OK
228,2723,7,면목,02-6311-7211,서울특별시 중랑구 면목로 지하407(면목동) ,서울특별시 중랑구 면목동 282-6 면목역(7호선),중랑구,11070,면목역,37.5845464,127.0905862,OK
,,,,,,,,,면목역2번출구,37.58841495,127.0879801,
110,424,4,명동,02-6110-4241,서울특별시 중구 퇴계로 지하126(충무로2가),서울특별시 중구 충무로2가 109-2 명동역(4호선),중구,11020,명동역,37.5617173,126.987815,OK
162,2552,5,명일,02-6311-5511,서울특별시 강동구 양재대로 지하1632(명일동),서울특별시 강동구 명일동 312 명일역(5호선),강동구,11250,명일역,37.5490445,127.1508229,OK
276,2827,8,모란,02-6311-8271,경기도 성남시 수정구 산성대로 지하100(수진동),경기도 성남시 수정구 수진동 4518 모란역(8호선),,,모란역,37.4401794,127.1325888,OK
131,2521,5,목동,02-6311-5201,서울특별시 양천구 오목로 지하245(목동),서울특별시 양천구 목동 926-3 목동역(5호선),양천구,11150,목동역,37.526072,126.864301,OK
262,2814,8,몽촌토성(평화의문),02-6311-8131,서울특별시 송파구 올림픽로 지하383(신천동),서울특별시 송파구 신천동 19 몽촌토성역(8호선),송파구,11240,몽촌토성역,37.52099219999999,127.0991094,OK
,,,,,,,,,몽촌토성역3번출구,37.51712755,127.1124198,
67,315,3,무악재,02-6110-3251,서울특별시 서대문구 통일로 지하361(홍제동),서울특별시 서대문구 홍제동 26-1 무악재역(3호선),서대문구,11130,무악재역,37.5827071,126.9373416,OK
45,235,2,문래,02-6110-2351,서울특별시 영등포구 당산로 지하28(문래동3가),서울특별시 영등포구 문래동3가 68-1 문래역(2호선),영등포구,11190,문래역,37.518811,126.8996216,OK
267,2819,8,문정,02-6311-8181,서울특별시 송파구 송파대로 지하179(문정동),서울특별시 송파구 문정동 119-4 문정역(8호선),송파구,11240,문정역,37.4855846,127.1225635,OK
,,,,,,,,,문정역3번출구,37.48605122,127.122148,
,,,,,,,,,문정역4번출구,37.48657407,127.1218944,
,,,,,,,,,미금역,37.3501,127.1089,
173,2563,5,미사,02-6311-5621,경기도 하남시 미사강변동로 지하90(망월동),경기도 하남시 망월동 1122 미사역(5호선),,,미사역,37.5637007,127.1929312,OK
102,416,4,미아사거리 ,02-6110-4161,서울특별시 강북구 도봉로 지하50(미아동),서울특별시 강북구 미아동 66-1 미아사거리역(4호선),강북구,11090,미아사거리역,37.6290856,127.0277879,OK
,,,,,,,,,미아사거리역3번출구,37.61250931,127.0303168,
101,415,4,미아(서울사이버대학),02-6110-4151,서울특별시 강북구 도봉로 지하198(미아동),서울특별시 강북구 미아동 194-1 미아역(4호선),강북구,11090,미아역,37.6290856,127.0277879,OK
240,2735,7,반포,02-6311-7331,서울특별시 서초구 신반포로 지하241(잠원동),서울특별시 서초구 잠원동 103 반포역(7호선),서초구,11220,반포역,37.5151065,127.0137779,OK
,,,,,,,,,반포역1번출구,37.5081517,127.0121371,
,,,,,,,,,반포역2번출구,37.5079627,127.0115108,
,,,,,,,,,반포역3번출구,37.5075874,127.0102568,
,,,,,,,,,반포역4번출구,37.5078647,127.0102135,
,,,,,,,,,반포역5번출구,37.5082936,127.0113259,
,,,,,,,,,반포역6번출구,37.5086123,127.0115551,
126,2516,5,발산,02-6311-5151,서울특별시 강서구 공항대로 지하267(마곡동),서울특별시 강서구 마곡동 727-1496 발산역(5호선),강서구,11160,발산역,37.5706297,126.8298909,OK
,,,,,,,,,발산역1번출구,37.55884861,126.837504,
35,225,2,방배,02-6110-2251,서울특별시 서초구 방배로 지하80(방배동),서울특별시 서초구 방배동 912-14 방배역(2호선),서초구,11220,방배역,37.486721,126.9949218,OK
,,,,,,,,,방배역1번출구,37.4812225,126.9979766,
,,,,,,,,,방배역2번출구,37.4811842,126.9976918,
,,,,,,,,,방배역3번출구,37.4816942,126.9973586,
,,,,,,,,,방배역4번출구,37.4817316,126.9977458,
167,2557,5,방이,02-6311-5561,서울특별시 송파구 양재대로 지하1127(방이동),서울특별시 송파구 방이동 217-2 방이역(5호선),송파구,11240,방이역,37.511538,127.12955,OK
121,2511,5,방화,02-6311-5101,서울특별시 강서구 금낭화로 지하132(방화동),서울특별시 강서구 방화동 829-15 방화역(5호선),강서구,11160,방화역,37.5782048,126.8181658,OK
199,2633,6,버티고개,02-6311-6321,서울특별시 중구 다산로 지하38(신당동),서울특별시 중구 신당동 366-454 버티고개역(6호선),중구,11020,버티고개역,37.5587251,127.0120213,OK
249,2744,7,보라매,02-6311-7421,서울특별시 동작구 상도로 지하2(대방동),서울특별시 동작구 대방동 466-51 보라매역(7호선),동작구,11200,보라매역,37.5062327,126.93435,OK
205,2639,6,보문,02-6311-6381,서울특별시 성북구 보문로 지하116(보문동1가),서울특별시 성북구 보문동1가 127-1 보문역(6호선),성북구,11080,보문역,37.5866501,127.0196841,OK
269,2821,8,복정,02-6311-8201,서울특별시 송파구 송파대로 지하6(장지동),서울특별시 송파구 장지동 596-21 복정역(8호선),송파구,11240,복정역,37.4768715,127.1320663,OK
280,4129,9,봉은사,02-2656-0929,서울특별시 강남구 봉은사로 지하601(삼성동),서울특별시 강남구 삼성동 172 봉은사역(9호선),강남구,11230,봉은사역,37.5109479,127.047282,OK
39,229,2,봉천,02-6110-2291,서울특별시 관악구 남부순환로 지하1721(봉천동),서울툭별시 관악구 봉천동 979-7 봉천역(2호선),관악구,11210,봉천역,37.487812,126.957234,OK
214,2648,6,봉화산(서울의료원),02-6311-6471,서울특별시 중랑구 신내로 지하232(신내동),서울특별시 중랑구 신내동 643-1 봉화산역(6호선),중랑구,11070,봉화산역,37.6186185,127.1126268,OK
64,312,3,불광,02-6110-3221,서울특별시 은평구 통일로 지하723-1(대조동),서울특별시 은평구 대조동 13-10 불광역(3호선),은평구,11120,불광역,37.61204770000001,126.923359,OK
179,2613,6,불광,02-6311-6121,서울특별시 은평구 통일로 지하723-1(대조동),서울특별시 은평구 대조동 13-10 불광역(6호선),은평구,11120,불광역,37.61204770000001,126.923359,OK
95,409,4,불암산,02-6110-4091,서울특별시 노원구 상계로 305(상계동),서울특별시 노원구 상계동 111 불암산역(4호선),노원구,11110,불암산역,37.670607,127.0793321,OK
229,2724,7,사가정,02-6311-7221,서울특별시 중랑구 사가정로 지하393(면목동),서울특별시 중랑구 면목동 495 사가정역(7호선),중랑구,11070,사가정역,37.5719656,127.0845223,OK
36,226,2,사당,02-6110-2261,서울특별시 동작구 남부순환로 지하2089(사당동),서울특별시 동작구 사당동 1129 사당역(2호선),동작구,11200,사당역,37.4798074,126.9772568,OK
119,433,4,사당,02-6110-4331,서울특별시 동작구  동작대로 지하3(사당동),서울특별시 동작구 사당동 588-44 사당역(4호선),동작구,11200,사당역,37.476559,126.981633,OK
,,,,,,,,,사당역11번출구,37.478284,126.9819826,
,,,,,,,,,사당역12번출구,37.4777815,126.9819513,
,,,,,,,,,사당역13번출구,37.4770705,126.9820299,
,,,,,,,,,사당역1번출구,37.4762818,126.9823161,
,,,,,,,,,사당역2번출구,37.4759674,126.9819108,
,,,,,,,,,사당역3번출구,37.4751328,126.9819843,
,,,,,,,,,사당역4번출구,37.47509132,126.981499,
,,9,,,,,,,사평역,37.504206,127.015259,
,,,,,,,,,사평역1번출구,37.5048525,127.0148932,
,,,,,,,,,사평역2번출구,37.5038336,127.015621,
271,2822,8,산성,02-6311-8221,경기도 성남시 수정구 수정로 지하365(신흥동),경기도 성남시 수정구 신흥동 7 산성역(8호선),,,산성역,37.4494334,127.1515801,OK
114,428,4,삼각지(전쟁기념관),02-6110-4281,서울특별시 용산구 한강대로 지하180(한강로1가),서울특별시 용산구 한강로1가 228-1 삼각지역(4호선),용산구,11030,삼각지역,37.5325443,126.9747393,OK
195,2629,6,삼각지,02-6311-6281,서울특별시 용산구 한강대로 지하185(한강로1가),서울특별시 용산구 한강로1가 228-1 삼각지역(6호선),용산구,11030,삼각지역,37.5329296,126.9744105,OK
,,,,,,,,,삼각지역9번출구,37.53612619,126.9737025,
29,219,2,삼성(무역센터),02-6110-2191,서울특별시 강남구 테헤란로 지하538(삼성동),서울특별시 강남구 삼성동 172-66 삼성역(2호선),강남구,11230,삼성역,37.508861,127.063149,OK
,,,,,,,,,삼성역5번출구,37.50892045,127.0622661,
279,4128,9,삼성중앙,02-2656-0928,서울특별시 강남구 봉은사로 지하501(삼성동),서울특별시 강남구 삼성동 111-147 삼성중앙역(9호선),강남구,11230,삼성중앙역,37.5109479,127.047282,OK
,,,,,,,,,삼성중앙역6번출구,37.51263245,127.0533449,
282,4131,9,삼전,02-2656-0931,서울특별시 송파구 백제고분로 지하189(잠실동),서울특별시 송파구 잠실동 347 삼전역(9호선),송파구,11240,삼전역,37.5067945,127.0830482,OK
,,9,,,,,,,삼전역,37.504531,127.087211,
96,410,4,상계,02-6110-4101,서울특별시 노원구 상계로 182(상계동),서울특별시 노원구 상계동 156-203 상계역(4호선),노원구,11110,상계역,37.6610573,127.0736304,OK
246,2741,7,상도,02-6311-7391,서울특별시 동작구 상도로 지하272(상도1동),서울특별시 동작구 상도1동 702-1 상도역(중대입구역)(7호선),동작구,11200,상도역,37.5032626,126.9506566,OK
227,2722,7,상봉,02-6311-7201,서울특별시 중랑구 망우로 297(상봉동),서울특별시 중랑구 상봉동 100-9 상봉역(7호선),중랑구,11070,상봉역,37.5967657,127.0860297,OK
,,,,,,,,,상봉역2번출구,37.59634973,127.085889,
190,2624,6,상수,02-6311-6231,서울특별시 마포구 독막로 지하85(상수동),서울특별시 마포구 상수동 309-10 상수역(6호선),마포구,11140,상수역,37.54961590000001,126.9224682,OK
17,207,2,상왕십리,02-6110-2071,서울특별시 성동구 왕십리로 지하374(하왕십리동),서울특별시 성동구 하왕십리동 946-14 상왕십리역(2호선),성동구,11040,상왕십리역,37.56398739999999,127.0280247,OK
209,2643,6,상월곡(한국과학기술연구원),02-6311-6421,서울특별시 성북구 화랑로 지하157(상월곡동),서울특별시 성북구 상월곡동 26-1 상월곡역(6호선),성북구,11080,상월곡역,37.6060997,127.0478098,OK
164,2554,5,상일동,02-6311-5531,서울특별시 강동구 고덕로 지하359(상일동),서울특별시 강동구 상일동 148 상일동역(5호선),강동구,11250,상일동역,37.5570545,127.169184,OK
,,,,,,,,,상현역,,,
183,2617,6,새절(신사),02-6311-6161,서울특별시 은평구 증산로 지하400(신사동),서울특별시 은평구 신사동 337-5 새절역(6호선),은평구,11120,새절역,37.595613,126.9072033,OK
,,9,,,,,,,샛강역,37.517274,126.928422,
143,2533,5,서대문,02-6311-5321,서울특별시 종로구 통일로 지하126(평동),서울특별시 종로구 평동 210 서대문역(5호선),종로구,11010,서대문역,37.5680974,126.9687373,OK
38,228,2,서울대입구(관악구청),02-6110-2281,서울특별시 관악구 남부순환로 지하1822(봉천동),서울특별시 관악구 봉천동 979-2 서울대입구역(2호선),관악구,11210,서울대입구역,37.4799015,126.9404631,OK
1,150,1,서울,02-6110-1331,서울특별시 중구 세종대로 지하2(남대문로 5가),서울특별시 중구 남대문로5가 73-6 서울역(1호선),중구,11020,서울역,37.5587351,126.9738593,OK
112,426,4,서울,02-6110-4261,서울특별시 용산구 한강대로 지하392(동자동),서울특별시 용산구 동자동 14-151 서울역 (4호선),용산구,11030,서울역,37.5520713,126.9724315,OK
34,224,2,서초,02-6110-2241,서울특별시 서초구 서초대로 지하233(서초동),서울특별시 서초구 서초동 1748-5 서초역(2호선),서초구,11220,서초역,37.4910405,127.004581,OK
,,,,,,,,,서초역1번출구,37.4918657,127.0082184,
,,,,,,,,,서초역2번출구,37.4915422,127.0080626,
,,,,,,,,,서초역3번출구,37.4912972,127.0076487,
,,,,,,,,,서초역4번출구,37.4914376,127.0071755,
,,,,,,,,,서초역5번출구,37.4918154,127.007052,
,,,,,,,,,서초역6번출구,37.4922654,127.0071613,
,,,,,,,,,서초역7번출구,37.4923636,127.0076533,
,,,,,,,,,서초역8번출구,37.492127,127.008105,
211,2645,6,석계,02-6311-6441,서울특별시 노원구 화랑로 지하 347-1(월계동) ,서울특별시 노원구 월계동 25-2 석계역(6호선),노원구,11110,석계역,37.6282394,127.0567599,OK
283,4132,9,석촌고분,02-2656-0932,서울특별시 송파구 백제고분로 지하274(삼전동),서울특별시 송파구 삼전동 157-1 석촌고분역(9호선),송파구,11240,석촌고분역,37.5019016,127.0918885,OK
264,2816,8,석촌,02-6311-8151,서울특별시 송파구 송파대로 지하439(석촌동),서울특별시 송파구 석촌동 209 석촌역(8호선),송파구,11240,석촌역,37.5024352,127.1026694,OK
284,4133,9,석촌,02-2656-0933,서울특별시 송파구 송파대로 지하439(석촌동),서울특별시 송파구 석촌동 209 석촌역(9호선),송파구,11240,석촌역,37.5024352,127.1026694,OK
30,220,2,선릉,02-6110-2201,서울특별시 강남구 테헤란로 지하340(삼성동),서울특별시 강남구 삼성동 172-66 선릉역(2호선),강남구,11230,선릉역,37.508861,127.063149,OK
,,,,,,,,,선릉역1번출구,37.50459467,127.0500678,
,,,,,,,,,선릉역8번출구,37.5050434,127.0489287,
,,,,,,,,,선릉역10번출구,37.50502498,127.0498674,
,,9,,,,,,,선유도역,37.53802,126.893525,
278,4127,9,선정릉,02-2656-0927,서울특별시 강남구 선릉로 지하580(삼성동),서울특별시 강남구 삼성동 111-114 선정릉역(9호선),강남구,11230,선정릉역,37.51397499999999,127.0561274,OK
,,,,,,,,,성복역,37.313621,127.080321,
21,211,2,성수,02-6110-2111,서울특별시 성동구 아차산로 100(성수동2가),서울특별시 성동구 성수동2가 300-1 성수역(2호선),성동구,11040,성수역,37.5446813,127.0569827,OK
104,418,4,성신여대입구(돈암),02-6110-4181,서울특별시 성북구 동소문로 지하102(동선동4가),서울특별시 성북구 동선동4가 1 성신여대입구역(4호선),성북구,11080,성신여대입구역,37.5924755,127.0177756,OK
124,2514,5,송정,02-6311-5131,서울특별시 강서구 공항대로 지하33(공항동),서울특별시 강서구 공항동 29-5 송정역(5호선),강서구,11160,송정역,37.5610725,126.8117129,OK
285,4134,9,송파나루,02-2656-0934,서울특별시 송파구 백제고분로 지하446(방이동),서울특별시 송파구 방이동 2 송파나루역(9호선),송파구,11240,송파나루역,37.5111692,127.0954263,OK
265,2817,8,송파,02-6311-8161,서울특별시 송파구 송파대로 지하354(가락동),서울특별시 송파구 가락동 459-4 송파역(8호선),송파구,11240,송파역,37.4956865,127.1184047,OK
218,2713,7,수락산,02-6311-7111,서울특별시 노원구 동일로 지하1662(상계동),서울특별시 노원구 상계동 1132-9 수락산역(7호선),노원구,11110,수락산역,37.6543386,127.0626961,OK
,,,,,,,,,수락산역6번출구,37.67898388,127.0551982,
91,339,3,수서,02-6110-3491,서울특별시 강남구 광평로 지하270(수서동),서울특별시 강남구 수서동 728 수서역(3호선),강남구,11230,수서역,37.4870719,127.0983474,OK
100,414,4,수유(강북구청),02-6110-4141,서울특별시 강북구 도봉로 지하338(수유동),서울특별시 강북구 수유동 140 수유역(4호선),강북구,11090,수유역,37.6428483,127.0173639,OK
,,,,,,,,,수유역5번출구,37.63721797,127.0245544,
,,,,,,,,,수유역7번출구,37.63825837,127.0256679,
,,,,,,,,,수지구청역,37.3225,127.0946,
275,2826,8,수진,02-6311-8261,경기도 성남시 수정구 산성대로 지하200(수진동),경기도 성남시 수정구 수진동 2205-1 수진역(8호선),,,수진역,37.439935,127.1335333,OK
113,427,4,숙대입구(갈월),02-6110-4271,서울특별시 용산구 한강대로 지하306(갈월동),서울특별시 용산구 갈월동 16-7 숙대입구역(4호선),용산구,11030,숙대입구역,37.5454036,126.9723606,OK
245,2740,7,숭실대입구(살피재),02-6311-7381,서울특별시 동작구 상도로 지하378(상도동),서울특별시 동작구 상도동 514 숭실대입구역(7호선),동작구,11200,숭실대입구역,37.4990513,126.9422048,OK
2,151,1,시청,02-6110-1321,서울특별시 중구 세종대로 지하101(정동),서울특별시 중구 정동 5-5 시청역(1호선),중구,11020,시청역,37.5666082,126.9731481,OK
11,201,2,시청,02-6110-2011,서울특별시 중구 서소문로 지하127(서소문동),서울특별시 중구 서소문동 90-1 시청역(2호선),중구,11020,시청역,37.561398,126.9740126,OK
149,2539,5,신금호,02-6311-5381,서울특별시 성동구 금호로 지하154(금호동2가),서울특별시 성동구 금호동2가 223-1 신금호역(5호선),성동구,11040,신금호역,37.5562059,127.0241997,OK
136,2526,5,신길,02-6311-5251,서울특별시 영등포구 경인로114가길 지하9(영등포동1가),서울특별시 영등포구 영등포동1가 35 신길역(5호선),영등포구,11190,신길역,37.517695,126.9140671,OK
,,,,,,,,,신길역3번출구,37.51770181,126.9142805,
215,2649,6,신내,02-6311-6481,서울특별시 중랑구 용마산로136길 33 신내차량기지,서울특별시 중랑구 신내동 19 신내역(6호선),중랑구,11070,신내역,37.6105833,127.1108579,OK
,,9,,,,,,,신논현역,37.504598,127.02506,
,,,,,,,,,신논현역,37.504063,127.024407,
,,,,,,,,,신논현역1번출구,37.5044522,127.0239615,
,,,,,,,,,신논현역2번출구,37.5047892,127.0241073,
,,,,,,,,,신논현역7번출구,37.50326,127.0248029,
,,,,,,,,,신논현역8번출구,37.5040564,127.0244532,
,,,,,,,,,신논현역9번출구,37.5040172,127.0237994,
55,245,2,신답,02-6110-1351,서울특별시 성동구 천호대로 232(용답동),서울특별시 성동구 용답동 129-2 신답역(2호선),성동구,11040,신답역,37.5706952,127.0454382,OK
16,206,2,신당,02-6110-2061,서울특별시 중구 퇴계로 지하431-1(신당동),서울특별시 중구 신당동 99 신당역(2호선),중구,11020,신당역,37.5613874,126.9962601,OK
202,2636,6,신당,02-6311-6351,서울특별시 중구 다산로 지하260(흥인동),서울특별시 중구 흥인동 162-1 신당역(6호선),중구,11020,신당역,37.56731,127.0163823,OK
248,2743,7,신대방삼거리,02-6311-7411,서울특별시 동작구 상도로 지하76(대방동),서울특별시 동작구 대방동 406-10 신대방삼거리역(7호선),동작구,11200,신대방삼거리역,37.5143563,126.932638,OK
41,231,2,신대방,02-6110-2311,서울특별시 동작구 대림로 2(신대방동),서울특별시 동작구 신대방동 643-1 신대방역(2호선),동작구,11200,신대방역,37.487549,126.9129603,OK
44,234,2,신도림,02-6110-2341,서울특별시 구로구 새말로 지하 117-21(신도림동),서울특별시 구로구 신도림동 460-26 신도림역(2호선),구로구,11170,신도림역,37.5088099,126.8912061,OK
,,,,,,,,,신도림역2번출구,37.50790295,126.8917901,
,,,,,,,,,신도림역5번출구,37.50913625,126.8906234,
,,,,,,,,,신도림역6번출구,37.50956934,126.8912787,
40,230,2,신림,02-6110-2301,서울특별시 관악구 남부순환로 지하1614(신림동),서울특별시 관악구 신림동 1467-10 신림역(2호선),관악구,11210,신림역,37.4867897,126.9276112,OK
,,,,,,,,,신림역2번출구,37.48397623,126.9299559,
,,,,,,,,,신림역3번출구,37.48387914,126.9295575,
,,,,,,,,,신림역4번출구,37.48403437,126.9292266,
,,,,,,,,,신림역5번출구,37.48438578,126.9292546,
,,,,,,,,,신림역6번출구,37.48461117,126.9295003,
,,,,,,,,,신림역7번출구,37.48470147,126.9298224,
,,,,,,,,,신림역8번출구,37.48453276,126.9302098,
,,9,,,,,,,신목동역,37.544277,126.88308,
,,9,,,,,,,신반포역,37.503415,126.995925,
,,,,,,,,,신반포역1번출구,37.5035327,126.995796,
,,,,,,,,,신반포역2번출구,37.5038197,126.9967964,
,,,,,,,,,신반포역3번출구,37.5035467,126.9968748,
,,,,,,,,,신반포역4번출구,37.5032998,126.9960479,
,,9,,,,,,,신방화역,37.567532,126.816601,
79,327,3,신사,02-6110-3371,서울특별시 강남구 도산대로 지하102(신사동),서울특별시 강남구 신사동 667 신사역(3호선),강남구,11230,신사역,37.5200556,127.0256389,OK
,,,,,,,,,신사역,37.5162873,127.0200228,
,,,,,,,,,신사역4번출구(공사중),37.5157286,127.0194364,
,,,,,,,,,신사역5번출구,37.5165773,127.0191865,
,,,,,,,,,신사역6번출구,37.51658024,127.0196706,
7,156,1,신설동,02-6110-1261,서울특별시 동대문구 왕산로 지하1(신설동),서울특별시 동대문구 신설동 76-5 신설동역(1호선),동대문구,11060,신설동역,37.578486,127.0270996,OK
56,246,2,신설동,02-6110-1371,서울특별시 동대문구 왕산로 지하 1(신설동),서울특별시 동대문구 신설동 76-5 신설동역(2호선),동대문구,11060,신설동역,37.578486,127.0270996,OK
,,,,,,,,,신설동역3번출구,37.57642127,127.0253296,
,,,,,,,,,신설동역7번출구,37.57432175,127.0262345,
115,429,4,신용산,02-6110-4291,서울특별시 용산구 한강대로 지하112(한강로2가),서울특별시 용산구 한강로2가 181 신용산역(4호선),용산구,11030,신용산역,37.5306984,126.9707163,OK
59,249,2,신정네거리,02-6110-2461,서울특별시 양천구 중앙로 지하261(신정동),서울특별시 양천구 신정동 1231 신정네거리역(2호선),양천구,11150,신정네거리역,37.5195255,126.8528661,OK
130,2520,5,신정(은행정),02-6311-5191,서울특별시 양천구 오목로 지하179(신정동),서울특별시 양천구 신정동 1090 신정역(5호선),양천구,11150,신정역,37.5238539,126.8584224,OK
50,240,2,신촌(지하),02-6110-2401,서울특별시 마포구 신촌로 지하90(노고산동),서울특별시 마포구 노고산동 31-11 신촌역(2호선),마포구,11140,신촌역,37.5543865,126.9377806,OK
250,2745,7,신풍,02-6311-7431,서울특별시 영등포구 신풍로 지하27(신길동),서울특별시 영등포구 신길동 3599 신풍역(7호선),영등포구,11190,신풍역,37.5001413,126.9131951,OK
274,2825,8,신흥,02-6311-8251,경기도 성남시 수정구 산성대로 지하280(신흥동),경기도 성남시 수정구 신흥동 2467 신흥역(8호선),,,신흥역,37.4500047,127.1508982,OK
99,413,4,쌍문,02-6110-4131,서울특별시 도봉구 도봉로 지하 486-1(창동),서울특별시 도봉구 창동 703-4 쌍문역(4호선),도봉구,11100,쌍문역,37.6498313,127.0412393,OK
156,2546,5,아차산(어린이대공원후문),02-6311-5451,서울특별시 광진구 천호대로 지하657(능동),서울특별시 광진구 능동 256-16 5호선 아차산역(5호선),광진구,11050,아차산역,37.5505785,127.0817378,OK
52,242,2,아현,02-6110-2421,서울특별시 마포구 신촌로 지하270(아현동),서울특별시 마포구 아현동 354-23 아현역(2호선),마포구,11140,아현역,37.5577706,126.9440849,OK
70,318,3,안국,02-6110-3281,서울특별시 종로구 율곡로 지하62(안국동),서울특별시 종로구 안국동 73-1 안국역(3호선),종로구,11010,안국역,37.5772954,126.9840979,OK
206,2640,6,안암(고대병원앞),02-6311-6391,서울특별시 성북구 고려대로 지하89(안암동5가),서울특별시 성북구 안암동5가 146-1 안암역(6호선),성북구,11080,안암역,37.5860125,127.025563,OK
259,2811,8,암사,02-6311-8101,서울특별시 강동구 올림픽로 지하776(암사동),서울특별시 강동구 암사동 501 암사역(8호선),강동구,11250,암사역,37.550148,127.127519,OK
258,2810,8,암사역사공원역,02-6311-8091,서울특별시 강동구 아리수로 27번길 2(암사동) ,서울특별시 강동구 암사동 378 암사역사공원역(8호선),강동구,11250,암사역사공원역,37.561147,127.1530296,OK
78,326,3,압구정,02-6110-3361,서울특별시 강남구 압구정로 지하172(신사동),서울특별시 강남구 신사동 668 압구정역(3호선),강남구,11230,압구정역,37.5263577,127.0335584,OK
,,,,,,,,,압구정역4번출구,37.52561781,127.0282651,
141,2531,5,애오개,02-6311-5301,서울특별시 마포구 마포대로 지하210(아현동),서울특별시 마포구 아현동 612 애오개역(5호선),마포구,11140,애오개역,37.5544849,126.9562273,OK
75,323,3,약수,02-6110-3331,서울특별시 중구 다산로 지하122(신당동),서울특별시 중구 신당동 369-44 약수역(3호선),중구,11020,약수역,37.5587251,127.0120213,OK
200,2634,6,약수,02-6311-6331,서울특별시 중구 다산로 지하115(신당동),서울특별시 중구 신당동 369-2 약수역(6호선),중구,11020,약수역,37.5587251,127.0120213,OK
,,,,,,,,,약수역3번출구,37.55497752,127.0109042,
,,,,,,,,,양재시민의숲역,37.469903,127.03845,
,,,,,,,,,양재시민의숲역1번출구,37.4703666,127.0385638,
,,,,,,,,,양재시민의숲역2번출구,37.4704836,127.039129,
,,,,,,,,,양재시민의숲역3번출구,37.4697223,127.039453,
,,,,,,,,,양재시민의숲역4번출구,37.469293,127.0390324,
,,,,,,,,,양재시민의숲역5번출구,37.4694574,127.0386005,
84,332,3,양재(서초구청),02-6110-3421,서울특별시 서초구 남부순환로 지하2585(서초동),서울특별시 서초구 서초동 1366-9 양재역(3호선),서초구,11220,양재역,37.4785654,127.0078252,OK
,,,,,,,,,양재역,37.484117,127.034371,
,,,,,,,,,양재역10번출구,37.483789,127.0344649,
,,,,,,,,,양재역11번출구,37.4841577,127.0340053,
,,,,,,,,,양재역12번출구,37.4842877,127.0335269,
,,,,,,,,,양재역1번출구,37.4847088,127.0333025,
,,,,,,,,,양재역2번출구,37.4850169,127.0335328,
,,,,,,,,,양재역5번출구,37.4845129,127.0349802,
,,,,,,,,,양재역6번출구,37.484184,127.0348266,
,,,,,,,,,양재역7번출구,37.4839958,127.0349182,
,,,,,,,,,양재역8번출구,37.4828999,127.0360138,
,,,,,,,,,양재역9번출구,37.4828296,127.0354383,
58,248,2,양천구청,02-6110-2451,서울특별시 양천구 목동로3길 지하33(신정동),서울특별시 양천구 신정동 276-7 양천구청역(2호선),양천구,11150,양천구청역,37.5113363,126.8630691,OK
,,9,,,,,,,양천향교역,37.568381,126.841333,
,,,,,,,,,양천향교역7번출구,37.56783406,126.8410076,
133,2523,5,양평,02-6311-5221,서울특별시 영등포구 양산로 지하21(양평동2가),서울특별시 영등포구 양평동2가 33-79 양평역(5호선),영등포구,11190,양평역,37.5229518,126.8835309,OK
233,2728,7,어린이대공원(세종대),02-6311-7261,서울특별시 광진구 능동로 지하210(화양동),서울특별시 광진구 화양동 164-1 어린이대공원역(7호선),광진구,11050,어린이대공원역,37.5471794,127.0729432,OK
,,,,,,,,,어린이대공원역3번출구,37.54705502,127.0744965,
,,,,,,,,,어린이대공원역4번출구,37.54701717,127.0737949,
277,4126,9,언주,02-2656-0926,서울특별시 강남구 봉은사로 지하201(논현동),서울특별시 강남구 논현동 279-165 언주역(9호선),강남구,11230,언주역,37.5109479,127.047282,OK
,,,,,,,,,언주역4번출구,37.50758262,127.0343092,
138,2528,5,여의나루,02-6311-5271,서울특별시 영등포구 여의동로 지하343(여의도동),서울특별시 영등포구 여의도동 84-4 여의나루역(5호선),영등포구,11190,여의나루역,37.5215695,126.9243115,OK
137,2527,5,여의도,02-6311-5261,서울특별시 영등포구 여의나루로 지하40(여의도동),서울특별시 영등포구 여의도동 3 여의도역(5호선),영등포구,11190,여의도역,37.5215695,126.9243115,OK
,,9,,,,,,,여의도역,37.521624,126.924191,
31,221,2,역삼,02-6110-2211,서울특별시 강남구 테헤란로 지하156(역삼동),서울특별시 강남구 역삼동 804 역삼역(2호선),강남구,11230,역삼역,37.5003324,127.0362649,OK
,,,,,,,,,역삼역3번출구,37.50008596,127.0353349,
178,2612,6,역촌,02-6311-6111,서울특별시 은평구 서오릉로 지하63(녹번동),서울특별시 은평구 녹번동 153-31 역촌역(6호선),은평구,11120,역촌역,37.6005677,126.938577,OK
63,311,3,연신내,02-6110-3211,서울특별시 은평구 통일로 지하849(갈현동),서울특별시 은평구 갈현동 397 연신내역(3호선),은평구,11120,연신내역,37.621541,126.913578,OK
181,2615,6,연신내,02-6110-3211,서울특별시 은평구 통일로 지하849(갈현동),서울특별시 은평구 갈현동 397 연신내역(6호선),은평구,11120,연신내역,37.621541,126.913578,OK
,,,,,,,,,연신내역1번출구,37.61980492,126.920818,
,,,,,,,,,연신내역4번출구,37.61846291,126.9215161,
,,,,,,,,,연신내역5번출구,37.61867434,126.9210628,
,,9,,,,,,,염창역,37.546936,126.874916,
46,236,2,영등포구청,02-6110-2361,서울특별시 영등포구 당산로 지하121(당산동3가),서울특별시 영등포구 당산동3가 270-1 영등포구청역(2호선),영등포구,11190,영등포구청역,37.5265942,126.8984636,OK
134,2524,5,영등포구청,02-6311-5231,서울특별시 영등포구 양산로 지하116(당산동3가),서울특별시 영등포구 당산동3가 556-1 영등포구청역(5호선),영등포구,11190,영등포구청역,37.5269397,126.8985416,OK
,,,,,,,,,영등포구청역6번출구,37.52397839,126.8960148,
135,2525,5,영등포시장,02-6311-5241,서울특별시 영등포구 양산로 지하200(영등포동5가),서울특별시 영등포구 영등포동5가 62-1 영등포시장역(5호선),영등포구,11190,영등포시장역,37.5210747,126.9066805,OK
,,,,,,,,,영등포시장역4번출구,37.52254883,126.904962,
94,342,3,오금,02-6110-3521,서울특별시 송파구 오금로 지하321(오금동),서울특별시 송파구 오금동 44-2 오금역(3호선),송파구,11240,오금역,37.5041934,127.1344585,OK
168,2558,5,오금,02-6110-3521,서울특별시 송파구 오금로 지하321(오금동),서울특별시 송파구 오금동 44-2 오금역(5호선),송파구,11240,오금역,37.5041934,127.1344585,OK
132,2522,5,오목교(목동운동장앞),02-6311-5211,서울특별시 양천구 오목로 지하342(목동),서울특별시 양천구 목동 406-30 오목교역(5호선),양천구,11150,오목교역,37.526072,126.864301,OK
77,325,3,옥수,02-6110-3351,서울특별시 성동구 동호로 21(옥수동),서울특별시 성동구 옥수동 168-1 옥수역(3호선),성동구,11040,옥수역,37.5400509,127.0177866,OK
257,2752,7,온수(성공회대입구),02-6311-7501,서울특별시 구로구 경인로3길 지하64(온수동),서울특별시 구로구 온수동 119 온수역(7호선),구로구,11170,온수역,37.4915106,126.8240678,OK
166,2556,5,올림픽공원(한국체대),02-6311-5551,서울특별시 송파구 양재대로 지하1233(방이동),서울특별시 송파구 방이동 89-28 올림픽공원역(5호선),송파구,11240,올림픽공원역,37.511538,127.12955,OK
287,4136,9,올림픽공원(한국체대),02-2656-0936,서울특별시 송파구 양재대로 지하1233(방이동),서울특별시 송파구 방이동 89-28 올림픽공원역(9호선),송파구,11240,올림픽공원역,37.511538,127.12955,OK
18,208,2,왕십리(성동구청),02-6110-2081,서울특별시 성동구 왕십리로 지하300(행당동),서울특별시 성동구 행당동 192 왕십리역(2호선),성동구,11040,왕십리역,37.5596331,127.0303221,OK
151,2541,5,왕십리(성동구청),02-6311-5401,서울특별시 성동구 왕십리로 지하300(행당동),서울특별시 성동구 행당동 192 왕십리역(5호선),성동구,11040,왕십리역,37.5596331,127.0303221,OK
54,244,2,용답,02-6110-1341,서울특별시 성동구 용답길 86(용답동),서울특별시 성동구 용답동 127 용답역(2호선),성동구,11040,용답역,37.5669045,127.0496653,OK
60,250,2,용두(동대문구청),02-6110-1361,서울특별시 동대문구 천호대로 지하129(용두동),서울특별시 동대문구 용두동 47-1 용두역(2호선),동대문구,11060,용두역,37.5723955,127.0340943,OK
230,2725,7,용마산(용마폭포공원),02-6311-7231,서울특별시 중랑구 용마산로 지하227(면목동),서울특별시 중랑구 면목동 1316-5 용마산역(7호선),중랑구,11070,용마산역,37.5907951,127.0947948,OK
,,,,,,,,,용산역1번출구,37.52894748,126.9650475,
127,2517,5,우장산,02-6311-5161,서울특별시 강서구 강서로 지하262(화곡동),서울특별시 강서구 화곡동 1089-3 우장산역(5호선),강서구,11160,우장산역,37.5512896,126.8417531,OK
208,2642,6,월곡(동덕여대),02-6311-6411,서울특별시 성북구 월곡로 지하107(하월곡동),서울특별시 성북구 하월곡동 35-1 월곡역(6호선),성북구,11080,월곡역,37.5971779,127.0392309,OK
186,2620,6,월드컵경기장(성산),02-6311-6191,서울특별시 마포구 월드컵로 지하240(성산동),서울특별시 마포구 성산동 420 월드컵경기장역(6호선),마포구,11140,월드컵경기장역,37.5592762,126.9138751,OK
13,203,2,을지로3가,02-6110-2031,서울특별시 중구 을지로 지하106(을지로3가),서울특별시 중구 을지로3가 347-3 을지로3가역(2호선),중구,11020,을지로3가역,37.5662094,126.9902284,OK
72,320,3,을지로3가,02-6110-3301,서울특별시 중구 을지로 지하129(을지로3가),서울특별시 중구 을지로3가 282-8 을지로3가역(3호선),중구,11020,을지로3가역,37.5664076,126.9936319,OK
14,204,2,을지로4가,02-6110-2041,서울특별시 중구 을지로 지하178(을지로4가),서울특별시 중구 을지로4가 267-1 을지로4가역(2호선),중구,11020,을지로4가역,37.5660287,126.9988008,OK
146,2536,5,을지로4가,02-6311-5351,서울특별시 중구 창경궁로 지하51(주교동),서울특별시 중구 주교동 191 을지로4가역(5호선),중구,11020,을지로4가역,37.56889,126.9995436,OK
12,202,2,을지로입구,02-6110-2021,서울특별시 중구 을지로 지하42(을지로1가),서울특별시 중구 을지로1가 100-1 을지로입구역(2호선),중구,11020,을지로입구역,37.5666911,126.9802528,OK
177,2611,6,응암,02-6311-6101,서울특별시 은평구 증산로 지하477(신사동),서울특별시 은평구 신사동 22-15 응암역(6호선),은평구,11120,응암역,37.595613,126.9072033,OK
51,241,2,이대,02-6110-2411,서울특별시 마포구 신촌로 지하180(염리동),서울특별시 마포구 염리동 8-85 이대역(2호선),마포구,11140,이대역,37.5469511,126.9438905,OK
243,2738,7,이수,02-6311-7361,서울특별시 동작구 사당로 지하310(사당동),서울특별시 동작구 사당동 144-4 이수역(7호선),동작구,11200,이수역,37.4889312,126.9691198,OK
,,,,,,,,,이수역3번출구,37.486116,126.9824065,
,,,,,,,,,이수역4번출구,37.48574,126.9824795,
,,,,,,,,,이수역5번출구,37.4852789,126.9826499,
,,,,,,,,,이수역6번출구,37.4849378,126.9823662,
116,430,4,이촌(국립중앙박물관),02-6110-4301,서울특별시 용산구 서빙고로 지하83(용산동5가),서울특별시 용산구 용산동5가 17-112 이촌역(4호선),용산구,11030,이촌역,37.5261469,126.9745744,OK
197,2631,6,이태원,02-6311-6301,서울특별시 용산구 이태원로 지하177(이태원동),서울특별시 용산구 이태원동 119-23 이태원역(6호선),용산구,11030,이태원역,37.5342345,126.9905368,OK
90,338,3,일원,02-6110-3481,서울특별시 강남구 일원로 지하121(일원동),서울특별시 강남구 일원동 717 일원역(3호선),강남구,11230,일원역,37.4881652,127.0828815,OK
235,2730,7,자양,02-6311-7281,서울특별시 광진구 능동로 10(자양동),서울특별시 광진구 자양동 73-2 자양역(7호선),광진구,11050,자양역,37.540458,127.066694,OK
25,215,2,잠실나루,02-6110-2151,서울특별시 송파구 오금로 20(신천동),서울특별시 송파구 신천동 15 잠실나루역(2호선),송파구,11240,잠실나루역,37.5189313,127.104757,OK
27,217,2,잠실새내,02-6110-2171,서울특별시 송파구 올림픽로 지하140(잠실동),서울특별시 송파구 잠실동 33 잠실새내역(2호선),송파구,11240,잠실새내역,37.5045774,127.0727245,OK
,,,,,,,,,잠실새내역4번출구,37.5114473,127.084734,
26,216,2,잠실(송파구청),02-6110-2161,서울특별시 송파구 올림픽로 지하265(신천동),서울특별시 송파구 신천동 8 잠실역(2호선),송파구,11240,잠실역,37.52099219999999,127.0991094,OK
263,2815,8,잠실(송파구청),02-6311-8141,서울특별시 송파구 올림픽로 305(신천동),서울특별시 송파구 신천동 7-4 잠실역(8호선),송파구,11240,잠실역,37.5149112,127.1040804,OK
,,,,,,,,,잠실역9번출구,37.51490972,127.1040773,
,,,,,,,,,잠실역10번출구,37.51450833,127.1045716,
80,328,3,잠원,02-6110-3381,서울특별시 서초구 잠원로4길 지하46(잠원동),서울특별시 서초구 잠원동 100-1 잠원역(3호선),서초구,11220,잠원역,37.5126755,127.0107095,OK
,,,,,,,,,잠원역1번출구,37.5128993,127.0116807,
,,,,,,,,,잠원역2번출구,37.5126605,127.0111648,
,,,,,,,,,잠원역3번출구,37.5128317,127.0110033,
,,,,,,,,,잠원역4번출구,37.5130792,127.0115264,
247,2742,7,장승배기,02-6311-7401,서울특별시 동작구 상도로 지하188(상도동) ,서울특별시 동작구 상도동 26-20 장승배기역(7호선),동작구,11200,장승배기역,37.4990513,126.9422048,OK
216,2711,7,장암,02-6311-7091,경기도 의정부시 동일로 121(장암동),경기도 의정부시 장암동 160-8 장암역(7호선),,,장암역,37.7001506,127.0531007,OK
268,2820,8,장지,02-6311-8191,서울특별시 송파구 송파대로 지하82(장지동),서울특별시 송파구 장지동 201-5 장지역(8호선),송파구,11240,장지역,37.4768715,127.1320663,OK
,,,,,,,,,장지역4번출구,37.47855999,127.1258271,
154,2544,5,장한평,02-6311-5431,서울특별시 동대문구 천호대로 지하405(장안동),서울특별시 동대문구 장안동 472-3 장한평역(5호선),동대문구,11060,장한평역,37.564181,127.0633192,OK
,,,,,,,,,정자역,37.367381,127.10843,
8,157,1,제기동,02-6110-1251,서울특별시 동대문구 왕산로 지하93(제기동),서울특별시 동대문구 제기동 65 제기동역(1호선),동대문구,11060,제기동역,37.5837593,127.0372351,OK
,,,,,,,,,제기동역5번출구,37.57807243,127.033951,
3,152,1,종각,02-6110-1311,서울특별시 종로구 종로 지하55(종로1가),서울특별시 종로구 종로1가 54 종각역(1호선),종로구,11010,종각역,37.5700105,126.9821081,OK
,,,,,,,,,종각역1번출구,37.57039952,126.9823697,
,,,,,,,,,종각역4번출구,37.57008439,126.9839376,
,,,,,,,,,종각역12번출구,37.5711,126.9883,
4,153,1,종로3가,02-6110-1301,서울특별시 종로구 종로 지하129(종로3가),서울특별시 종로구 종로3가 10-5 종로3가역(1호선),종로구,11010,종로3가역,37.5704474,126.990896,OK
71,319,3,종로3가,02-6110-3291,서울특별시 종로구 돈화문로 지하30(묘동),서울특별시 종로구 묘동 20-5 종로3가역(3호선),종로구,11010,종로3가역,37.5720785,126.9920972,OK
145,2535,5,종로3가(탑골공원),02-6311-5341,서울특별시 종로구 돈화문로11길 지하 26(돈의동),서울특별시 종로구 돈의동 39-1 5호선 종로3가역(5호선),종로구,11010,종로3가역,37.572586,126.9900433,OK
5,154,1,종로5가,02-6110-1291,서울특별시 종로구 종로 지하216(종로5가),서울특별시 종로구 종로5가 82-1 종로5가역(1호선),종로구,11010,종로5가역,37.571031,127.0019512,OK
28,218,2,종합운동장,02-6110-2181,서울특별시 송파구 올림픽로 지하23(잠실동),서울특별시 송파구 잠실동 122 종합운동장역(2호선),송파구,11240,종합운동장역,37.5166152,127.0877398,OK
281,4130,9,종합운동장,02-2656-0930,서울특별시 송파구 올림픽로 49(잠실동),서울특별시 송파구 잠실동 123 종합운동장역(9호선),송파구,11240,종합운동장역,37.5098432,127.1027932,OK
,,,,,,,,,종합운동장역9번출구,37.51106482,127.0775231,
221,2716,7,중계,02-6311-7141,서울특별시 노원구 동일로 지하1308-1(중계동),서울특별시 노원구 중계동 503-3 중계역(7호선),노원구,11110,중계역,37.6510125,127.0799977,OK
231,2726,7,중곡,02-6311-7241,서울특별시 광진구 능동로 지하417(중곡동),서울특별시 광진구 중곡동 273-2 7호선 중곡역(7호선),광진구,11050,중곡역,37.56354400000001,127.0888304,OK
289,4138,9,중앙보훈병원,02-2656-0938,서울특별시 강동구 동남로 지하625(둔촌동),서울특별시 강동구 둔촌동 8-1 중앙보훈병원역(9호선),강동구,11250,중앙보훈병원역,37.5348764,127.1452701,OK
226,2721,7,중화,02-6311-7191,서울특별시 중랑구 동일로 지하797(중화동),서울특별시 중랑구 중화동 50-3 중화역(7호선),중랑구,11070,중화역,37.6005095,127.0781428,OK
,,9,,,,,,,증미역,37.557402,126.861939,
184,2618,6,증산(명지대앞),02-6311-6171,서울특별시 은평구 증산로 지하306(증산동),서울특별시 은평구 증산동 199-8 증산역(6호선),은평구,11120,증산역,37.5841679,126.9059643,OK
61,309,3,지축,02-6110-3191,경기도 고양시 덕양구 삼송로 300(지축동),경기도 고양시 덕양구 지축동 818-64 지축역(3호선),,,지축역,37.6487922,126.911372,OK
98,412,4,창동,02-6110-4121,서울특별시 도봉구 마들로11길 77(창동),서울특별시 도봉구 창동 135-1 창동역(4호선),도봉구,11100,창동역,37.6533776,127.0476817,OK
204,2638,6,창신,02-6311-6371,서울특별시 종로구 지봉로 지하112(창신동),서울특별시 종로구 창신동 20-8 창신역(6호선),종로구,11010,창신역,37.5753626,127.0154315,OK
256,2751,7,천왕,02-6311-7491,서울특별시 구로구 오리로 지하1154(천왕동),서울특별시 구로구 천왕동 14-25 천왕역(7호선),구로구,11170,천왕역,37.4808353,126.8398192,OK
158,2548,5,천호(풍납토성),02-6311-5471,서울특별시 강동구 천호대로 지하997(천호동),서울특별시 강동구 천호동 455 천호역(5호선),강동구,11250,천호역,37.5443765,127.1276202,OK
260,2812,8,천호(풍납토성),02-6311-5471,서울특별시 강동구 천호대로 지하997(천호동),서울특별시 강동구 천호동 455 천호역(8호선),강동구,11250,천호역,37.5443765,127.1276202,OK
254,2749,7,철산,02-6311-7471,경기도 광명시 철산로 지하13(철산동),경기도 광명시 철산동 526 철산역(7호선),,,철산역,37.4759465,126.8682506,OK
,,,,,,,,,청계산입구역,37.448383,127.054678,
,,,,,,,,,청계산입구역1번출구,37.4489656,127.0543366,
,,,,,,,,,청계산입구역2번출구,37.4477248,127.0550808,
148,2538,5,청구,02-6311-5371,서울특별시 중구 청구로 지하77(신당동),서울특별시 중구 신당동 295-2 청구역(5호선),중구,11020,청구역,37.5607672,127.0144712,OK
201,2635,6,청구,02-6311-5371,서울특별시 중구 청구로 지하77(신당동),서울특별시 중구 신당동 295-2 청구역(6호선),중구,11020,청구역,37.5607672,127.0144712,OK
236,2731,7,청담,02-6311-7291,서울특별시 강남구 학동로 지하508(청담동),서울특별시 강남구 청담동 77-76 청담역(7호선),강남구,11230,청담역,37.51673170000001,127.042221,OK
,,,,,,,,,청담역8번출구,37.51921581,127.0498316,
9,158,1,청량리(서울시립대입구),02-6110-1241,서울특별시 동대문구 왕산로 지하205(전농동),서울특별시 동대문구 전농동 620-69 청량리역(1호선),동대문구,11060,청량리역,37.5797474,127.0557043,OK
,,,,,,,,,청량리역3번출구,37.58089297,127.045981,
118,432,4,총신대입구(이수),02-6110-4321,서울특별시 동작구 동작대로 지하117(사당동),서울특별시 동작구 사당동 736-1 총신대입구(이수)역(4호선),동작구,11200,총신대입구역,37.476559,126.981633,OK
,,,,,,,,,총신대입구역1번출구,37.4883066,126.9825309,
,,,,,,,,,총신대입구역2번출구,37.4869169,126.9824513,
73,321,3,충무로,02-6110-4231,서울특별시 중구 퇴계로 지하214(필동2가),서울특별시 중구 필동2가 16-2 충무로역(3호선),중구,11020,충무로역,37.5587734,126.9947209,OK
109,423,4,충무로,02-6110-4231,서울특별시 중구 퇴계로 지하214(필동2가),서울특별시 중구 필동2가 16-2 충무로역(4호선),중구,11020,충무로역,37.5587734,126.9947209,OK
53,243,2,충정로(경기대입구),02-6110-2431,서울특별시 서대문구 서소문로 지하17(충정로3가),서울특별시 서대문구 충정로3가 319-1 충정로역(2호선),서대문구,11130,충정로역,37.5634497,126.9611328,OK
142,2532,5,충정로(경기대입구),02-6311-5311,서울특별시 서대문구 충정로 지하 28-1(충정로3가),서울특별시 서대문구 충정로3가 248-1 충정로역(5호선),서대문구,11130,충정로역,37.5624087,126.9615382,OK
,,,,,,,,,충정로역3번출구,37.5604465,126.9653666,
212,2646,6,태릉입구,02-6311-7171,서울특별시 노원구 동일로 지하 992-1(공릉동),서울특별시 노원구 공릉동 616-4 태릉입구역(6호선),노원구,11110,태릉입구역,37.6304722,127.0909904,OK
224,2719,7,태릉입구,02-6311-7171,서울특별시 노원구 동일로 지하 992-1(공릉동),서울특별시 노원구 공릉동 616-4 태릉입구역(7호선),노원구,11110,태릉입구역,37.6304722,127.0909904,OK
,,,,,,,,,태릉입구역6번출구,37.6179352,127.0760085,
,,,,,,,,,판교역,37.2337,127.0644,
222,2717,7,하계,02-6311-7151,서울특별시 노원구 동일로 지하1196(하계동),서울특별시 노원구 하계동 273-5 하계역(7호선),노원구,11110,하계역,37.6376443,127.0725093,OK
176,2566,5,하남검단산,02-6311-5651,경기도 하남시 대청로 지하100(창우동),경기도 하남시 창우동 526 하남검단산역(5호선),,,하남검단산역,37.5396625,127.2281275,OK
175,2565,5,하남시청(덕풍.신장),02-6311-5641,경기도 하남시 하남대로 지하820(덕풍동),경기도 하남시 덕풍동 405-1 하남시청(덕풍신장)역(5호선),,,하남시청역,37.5476396,127.2089488,OK
174,2564,5,하남풍산,02-6311-5631,경기도 하남시 덕풍서로 지하50(덕풍동),경기도 하남시 덕풍동 727-3 하남풍산역(5호선),,,하남풍산역,37.5518381,127.2029261,OK
238,2733,7,학동,02-6311-7311,서울특별시 강남구 학동로 지하180(논현동),서울특별시 강남구 논현동 279-67 학동역(7호선),강남구,11230,학동역,37.51673170000001,127.042221,OK
88,336,3,학여울,02-6110-3461,서울특별시 강남구 남부순환로 지하3104(대치동),서울특별시 강남구 대치동 514-3 학여울역(3호선),강남구,11230,학여울역,37.49387,127.061371,OK
198,2632,6,한강진,02-6311-6311,서울특별시 용산구 이태원로 지하287(한남동),서울특별시 용산구 한남동 726-494 한강진역(6호선),용산구,11030,한강진역,37.5374627,127.0010536,OK
105,419,4,한성대입구(삼선교),02-6110-4191,서울특별시 성북구 삼선교로 지하1(삼선동1가),서울특별시 성북구 삼선동1가 14 한성대입구역(4호선),성북구,11080,한성대입구역,37.5885903,127.0103548,OK
286,4135,9,한성백제,02-2656-0935,서울특별시 송파구 위례성대로 지하29(방이동),서울특별시 송파구 방이동 88-17 한성백제역(9호선),송파구,11240,한성백제역,37.510952,127.129178,OK
19,209,2,한양대,02-6110-2091,서울특별시 성동구 왕십리로 206(행당동),서울특별시 성동구 행당동 산17 한양대역(2호선),성동구,11040,한양대역,37.5608641,127.0367939,OK
48,238,2,합정,02-6110-2381,서울특별시 마포구 양화로 지하55(서교동),서울특별시 마포구 서교동 393 합정역(2호선),마포구,11140,합정역,37.553715,126.919581,OK
189,2623,6,합정,02-6311-6221,서울특별시 마포구 양화로 지하45(합정동),서울특별시 마포구 합정동 414 합정역(6호선),마포구,11140,합정역,37.5495753,126.9139908,OK
150,2540,5,행당,02-6311-5391,서울특별시 성동구 행당로 지하89(행당동),서울특별시 성동구 행당동 317-241 행당역(5호선),성동구,11040,행당역,37.5567086,127.0272721,OK
106,420,4,혜화,02-6110-4201,서울특별시 종로구 대학로 지하120(명륜4가),서울특별시 종로구 명륜4가 96-5 혜화역(4호선),종로구,11010,혜화역,37.5816314,127.0008865,OK
49,239,2,홍대입구,02-6110-2391,서울특별시 마포구 양화로 지하160(동교동),서울특별시 마포구 동교동 165 홍대입구역(2호선),마포구,11140,홍대입구역,37.5563194,126.9224078,OK
,,,,,,,,,홍대입구역1번출구,37.55632674,126.9226989,
66,314,3,홍제,02-6110-3241,서울특별시 서대문구 통일로 지하440-1(홍제동),서울특별시 서대문구 홍제동 161-1 홍제역(3호선),서대문구,11130,홍제역,37.5928868,126.9489057,OK
128,2518,5,화곡,02-6311-5171,서울특별시 강서구 화곡로 지하168(화곡동),서울특별시 강서구 화곡동 1089-54 화곡역(5호선),강서구,11160,화곡역,37.5487046,126.8450968,OK
213,2647,6,화랑대(서울여대입구),02-6311-6461,서울특별시 노원구 화랑로 지하510(공릉동),서울특별시 노원구 공릉동 285-2 화랑대역(6호선),노원구,11110,화랑대역,37.6280947,127.091262,OK
111,425,4,회현(남대문시장),02-6110-4251,서울특별시 중구 퇴계로 지하54(남창동),서울특별시 중구 남창동 64-1 회현역(4호선),중구,11020,회현역,37.5580788,126.9776197,OK
194,2628,6,효창공원앞,02-6311-6271,서울특별시 용산구 백범로 지하287(효창동),서울특별시 용산구 효창동 80 효창공원앞역(6호선),용산구,11030,효창공원앞역,37.5395736,126.963503,OK
,,9,,,,,,,흑석역,37.50877,126.963708,
