name,category,address_std,gu,sigu,lat,lng,is_valid_location,COL_ADM_SE,station,station_exit,station_detail
노블테라피,테라피,서울특별시 양천구 신정동 1031-9 중앙로 262,양천구,서울특별시 양천구,37.5195255,126.8528661,True,11150,신정네거리역,신정네거리역 4번출구,신정네거리역 4번출구 도보1분
청담스웨디시,스웨디시,서울특별시 관악구 과천대로 947-2,관악구,서울특별시 관악구,37.4751954,126.9813476,True,11210,사당역,사당역 4번출구,사당역 4번출구 바로앞 도보1분
NOW,,서울특별시 마포구 도화동 1-12 새창로 40,마포구,서울특별시 마포구,37.5412415,126.9540505,True,11140,공덕역,공덕역 10번출구,공덕역 10번출구 도보2분
온결,1인샵,서울특별시 성동구 도선동 58-1 왕십리로 326,성동구,서울특별시 성동구,37.5666113,127.0299063,True,11040,왕십리역,왕십리역 1번출구,왕십리역 1번출구 도보5분 (홈샵: 서울)
정스웨디시,스웨디시,서울특별시 강서구 마곡동 797-10 마곡동로4길 15,강서구,서울특별시 강서구,37.5598317,126.8352511,True,11160,발산역,발산역 9번출구,발산역 9번출구 도보4분
에르메스,1인샵,서울특별시 중랑구 망우로 346,중랑구,서울특별시 중랑구,37.5971029,127.0911815,True,11070,상봉역,상봉역 2번출구,상봉역 2번출구 도보4분
린 스웨디시,스웨디시,서울특별시 금천구 가산동 41-11 벚꽃로 312,금천구,서울특별시 금천구,37.4822451,126.8830134,True,11180,가산디지털단지역,가산디지털단지역 2번출구,가산디지털단지역 2번출구 도보2분
오닉스,1인샵,서울특별시 동대문구 제기동,동대문구,서울특별시 동대문구,37.5781758,127.0345907,False,11060,제기동역,제기동역 5번출구,제기동역 5번출구 도보5분
누구나아로마,아로마,서울특별시 광진구 뚝섬로 476,광진구,서울특별시 광진구,37.5364535,127.0631359,True,11050,,,
레몬스웨디시,스웨디시 | 테라피,서울특별시 구로구 구로동 187-3,구로구,서울특별시 구로구,37.4856829,126.8990538,True,11170,구로디지털단지역,구로디지털단지역 3번출구,구로디지털단지역 3번출구 도보2분
샤인테라피,테라피,서울특별시 구로구 구로동 187-3,구로구,서울특별시 구로구,37.4856829,126.8990538,True,11170,,,
달빛,1인샵 | 스웨디시 | 테라피,서울특별시 구로구 구로동 187-3,구로구,서울특별시 구로구,37.4856829,126.8990538,True,11170,구로디지털단지역,구로디지털단지역 3번출구,구로디지털단지역 3번출구 도보2분
클로버스웨디시,1인샵 | 스웨디시 | 테라피,서울특별시 동대문구 청량리동 235-6 왕산로 239,동대문구,서울특별시 동대문구,37.5830343,127.0482259,True,11060,청량리역,청량리역 3번출구,청량리역 3번출구 도보3분
베스파,,서울특별시 종로구 관철동 180 삼일대로17길 51,종로구,서울특별시 종로구,37.5691113,126.984665,True,11010,종각역,종각역 4번출구,종각역 4번출구 도보2분
리치테라피,테라피,서울특별시 구로구 구로동 187-3 도림천로 448,구로구,서울특별시 구로구,37.4856829,126.8990538,True,11170,구로디지털단지역,구로디지털단지역 3번출구,구로디지털단지역 3번출구 도보2분
채린,1인샵 | 스웨디시,서울특별시 구로구 신도림동,구로구,서울특별시 구로구,37.5092011,126.8825748,False,11170,신도림역,신도림역 5번출구,신도림역 5번출구 도보5분
빛나는,1인샵,서울특별시 마포구 상암동 월드컵북로,마포구,서울특별시 마포구,,,False,11140,,,
퍼플테라피,로미로미 | 스웨디시 | 아로마 | 테라피,서울특별시 구로구 구로동 182-13,구로구,서울특별시 구로구,37.4859031,126.8972782,True,11170,구로디지털단지역,구로디지털단지역 3번출구,구로디지털단지역 3번출구 도보5분
물방울,1인샵 | 테라피,서울특별시 금천구 가산로9길 109,금천구,서울특별시 금천구,37.4742785,126.8869564,True,11180,가산디지털단지역,가산디지털단지역 6번출구,가산디지털단지역 6번출구 도보 8분
레옹테라피,테라피,서울특별시 마포구 상암동 1590 월드컵북로 434,마포구,서울특별시 마포구,,,False,11140,,,
루시,1인샵 | 로미로미 | 스웨디시,서울특별시 금천구 가산동 60-26 디지털로 178,금천구,서울특별시 금천구,37.4766767,126.8869498,True,11180,가산디지털단지역,가산디지털단지역 6번출구,가산디지털단지역 6번출구 도보8분
마일드,1인샵,서울특별시 용산구 용문동 8-182 새창로 121,용산구,서울특별시 용산구,37.5367944,126.9609425,True,11030,,,효창공원역 3번출구 도보5분
끌로에,,서울특별시 동작구 사당동 139-66 동작대로27길9,동작구,서울특별시 동작구,37.4890818,126.9819707,True,11200,이수역,이수역 14번출구,"이수역 13번,14번출구 도보2분"
모모왁싱,1인샵,서울특별시 중랑구 상봉동 망우로,중랑구,서울특별시 중랑구,,,False,11070,,,망우역 1번출구 도보3분
수정,1인샵 | 테라피,서울특별시 마포구 신공덕동 172 백범로 205,마포구,서울특별시 마포구,37.5504257,126.963167,False,11140,공덕역,공덕역 6번출구,공덕역 6번출구 도보2분
봄날,1인샵,서울특별시 성동구 성수동2가 277-17 성수이로 118,성동구,서울특별시 성동구,37.5451924,127.0578183,True,11040,성수역,성수역 2번출구,성수역 2번출구 도보2분
수아,1인샵,서울특별시 서대문구 충정로3가,서대문구,서울특별시 서대문구,37.5621184,126.9619551,False,11130,충정로역,충정로역 3번출구,충정로역 3번출구 도보5분
서아,1인샵 | 스웨디시,서울특별시 영등포구 여의도동 14-2 국회대로70길 7,영등포구,서울특별시 영등포구,37.5301518,126.919716,True,11190,사당역,사당역 1번출구,국회의사당역 1번출구 도보3분
송민,1인샵,서울특별시 마포구 마포대로,마포구,서울특별시 마포구,37.544503,126.949255,False,11140,공덕역,공덕역 1번출구,공덕역 1번출구 도보4분
로단테,,서울특별시 강서구 마곡동 798-10 마곡중앙로 59-5,강서구,서울특별시 강서구,37.5588005,126.8259533,True,11160,마곡역,마곡역 6번출구,마곡역 6번출구 도보3분
채린,1인샵 | 스웨디시,서울특별시 영등포구 경인로108길 13,영등포구,서울특별시 영등포구,37.5174704,126.9116729,True,11190,,,영등포역 5번출구 도보4분
블라,테라피,서울특별시 종로구 종로1가,종로구,서울특별시 종로구,37.570176,126.983197,False,11010,종각역,종각역 1번출구,종각역 1번출구 도보5분
오로라,1인샵,서울특별시 용산구 한강로2가 420 한강대로 69,용산구,서울특별시 용산구,,,False,11030,,,용산역 1번출구 도보3분
필스웨디시,스웨디시,서울특별시 강서구 화곡동 781-7 곰달래로60길17,강서구,서울특별시 강서구,37.5315388,126.8632538,True,11160,목동역,목동역 2번출구,목동역 2번출구 앞 도보5분
바캉스,1인샵,서울특별시 영등포구 당산로 205,영등포구,서울특별시 영등포구,37.5327761,126.9001046,True,11190,당산역,당산역 11번출구,당산역 11번출구 도보1분
밀크스웨디시,스웨디시,서울특별시 강서구 강서로 409,강서구,서울특별시 강서구,37.5621598,126.8389443,True,11160,발산역,발산역 2번출구,발산역 2번출구 도보5분
일랑,1인샵,서울특별시 강서구 공항동 1375 공항대로30,강서구,서울특별시 강서구,37.561385,126.81205,False,11160,송정역,송정역 4번출구,강서마곡 송정역 4번출구 도보1분
응급실,,서울특별시 서대문구 창천동 20-41 신촌로 121,서대문구,서울특별시 서대문구,37.5562458,126.9392858,True,11130,신촌역,신촌역 4번출구,신촌역 4번출구 도보1분
스카이,로미로미 | 스웨디시,서울특별시 마포구 백범로 205,마포구,서울특별시 마포구,37.5504257,126.963167,False,11140,공덕역,공덕역 6번출구,공덕역 6번출구 도보1분
하니,1인샵 | 스웨디시,서울특별시 영등포구 당산동2가,영등포구,서울특별시 영등포구,37.5396587,126.959678,False,11190,영등포구청역,영등포구청역 6번출구,영등포구청역 6번출구 도보3분
루루테라피,테라피,서울특별시 강서구 마곡중앙6로 63,강서구,서울특별시 강서구,37.5604821,126.8344066,True,11160,발산역,발산역 9번출구,발산역 9번출구 도보5분
비비고,1인샵,서울특별시 마포구 동교동,마포구,서울특별시 마포구,37.557527,126.9244669,False,11140,홍대입구역,홍대입구역 1번출구,홍대입구역 1번출구 도보1분
세라,1인샵 | 스웨디시,서울특별시 마포구 도화동 556 마포대로 73,마포구,서울특별시 마포구,37.544503,126.949255,False,11140,공덕역,공덕역 1번출구,공덕역 1번출구 도보5분
주유소,1인샵,서울특별시 영등포구 대림동 1101-1 도림천로19길 12,영등포구,서울특별시 영등포구,37.48691549999999,126.9005549,True,11190,구로디지털단지역,구로디지털단지역 4번출구,구로디지털단지역 4번출구 도보1분
온다움,,서울특별시 영등포구 여의대방로 379,영등포구,서울특별시 영등포구,37.5191988,126.9308612,True,11190,,,샛강역 2번출구 도보3분
지민,1인샵 | 스웨디시,서울특별시 은평구 진관3로 33,은평구,서울특별시 은평구,37.640175,126.920021,True,11120,구파발역,구파발역 1번출구,구파발역 1번출구 도보5분
봄,1인샵,서울특별시 마포구 신공덕동 167 백범로 199,마포구,서울특별시 마포구,37.5504257,126.963167,False,11140,공덕역,공덕역 6번출구,공덕역 6번출구 도보1분
오월테라피,테라피,서울특별시 금천구 가산동 50-3 벚꽃로 298,금천구,서울특별시 금천구,37.4813864,126.8839177,True,11180,가산디지털단지역,가산디지털단지역 3번출구,"가산디지털단지역 2,3번출구 도보1분"
보라보라,1인샵 | 스웨디시,서울특별시 영등포구 여의도동 45-13 여의대방로65길 23,영등포구,서울특별시 영등포구,37.4963658,126.9111928,True,11190,,,샛강역 2번출구 도보 5분
바닐라,1인샵 | 스웨디시 | 테라피,서울특별시 동대문구 신설동 97-8 천호대로 23,동대문구,서울특별시 동대문구,37.5745946,127.0263487,True,11060,신설동역,신설동역 7번출구,신설동역 7번출구 도보5분
현아,1인샵 | 테라피,서울특별시 종로구 청진동 128,종로구,서울특별시 종로구,37.5706937,126.9805708,True,11010,광화문역,광화문역 4번출구,광화문역 4번출구 도보4분
수아,1인샵 | 로미로미,서울특별시 강서구 마곡동 공항대로,강서구,서울특별시 강서구,37.5729928,126.8384887,False,11160,마곡역,마곡역 3번출구,마곡역 3번출구 도보1분
연서,1인샵,서울특별시 영등포구 여의도동 45-19 여의대방로65길 17,영등포구,서울특별시 영등포구,37.4963658,126.9111928,True,11190,,,샛강역 1번출구 도보4분
이유진,1인샵,서울특별시 종로구 청진동 136 종로5길 13,종로구,서울특별시 종로구,37.5710274,126.9804951,True,11010,종각역,종각역 1번출구,종각역 1번출구 도보3분
연주,1인샵 | 스웨디시,서울특별시 중랑구 신내로 211,중랑구,서울특별시 중랑구,37.616478,127.092887,False,11070,봉화산역,봉화산역 3번출구,봉화산역 3번출구 도보1분
주아,1인샵 | 로미로미 | 스웨디시,서울특별시 영등포구 당산동5가 8 당산로 203,영등포구,서울특별시 영등포구,37.5415148,126.9032653,False,11190,당산역,당산역 11번출구,당산역 11번출구 도보2분
아이린 스웨디시,스웨디시,서울특별시 강서구 마곡동 794 강서로 391,강서구,서울특별시 강서구,37.5706297,126.8298909,False,11160,발산역,,KB국민은행 발산역 도보1분
어썸뷰티,1인샵,서울특별시 성동구 행당로 84,성동구,서울특별시 성동구,37.557402,127.029637,False,11040,행당역,행당역 2번출구,행당역 2번출구 도보5분
클레망스테라피,스웨디시 | 테라피,서울특별시 영등포구 영중로10길 6,영등포구,서울특별시 영등포구,37.5190281,126.9061777,True,11190,,,영등포역 5번출구 도보5분
REVE스웨디시,스웨디시,서울특별시 강서구 강서로,강서구,서울특별시 강서구,,,False,11160,,,양천향교역 7번출구 도보3분
버블테라피,테라피,서울특별시 구로구 구로동 1272,구로구,서울특별시 구로구,37.4827057,126.899931,True,11170,구로디지털단지역,구로디지털단지역 2번출구,구로디지털단지역  2번출구 도보3분
로얄스파,마사지,서울특별시 강동구 길동 412-10 양재대로 1461,강동구,서울특별시 강동구,37.5363753,127.139065,True,11250,길동역,길동역 1번출구,길동역 1번출구 도보2분
가영,1인샵,서울특별시 영등포구 경인로 888-4,영등포구,서울특별시 영등포구,37.5175435,126.9112771,True,11190,신길역,신길역 3번출구,신길역 3번출구 도보2분
보미,1인샵 | 스웨디시,서울특별시 중랑구 신내동 646 신내로 211,중랑구,서울특별시 중랑구,37.616478,127.092887,False,11070,봉화산역,봉화산역 3번출구,봉화산역 3번출구 도보1분
해브잇,,서울특별시 동대문구 장한로 99,동대문구,서울특별시 동대문구,37.569754,127.0697305,True,11060,장한평역,장한평역 2번출구,장한평역 2번출구 도보5분
주희,1인샵 | 로미로미 | 테라피,서울특별시 광진구 화양동,광진구,서울특별시 광진구,37.540897,127.068177,False,11050,건대입구역,건대입구역 1번출구,건대입구역 1번출구 도보5분
소울스웨디시,스웨디시,서울특별시 양천구 목동 606-13 등촌로 228,양천구,서울특별시 양천구,37.54996370000001,126.8641567,True,11150,,,등촌역 6번출구 앞 도보1분
지영,1인샵 | 아로마 | 테라피,서울특별시 관악구 남현동 과천대로,관악구,서울특별시 관악구,37.475377,126.981421,False,11210,사당역,사당역 4번출구,사당역 4번출구 도보2분
루비아에스테,1인샵,서울특별시 강서구 마곡동 799-2 공항대로 190,강서구,서울특별시 강서구,37.55905389999999,126.8285935,True,11160,마곡역,마곡역 4번출구,마곡역 4번출구 도보2분
수빈,1인샵 | 로미로미 | 테라피,서울특별시 노원구 공릉동 670-11 화랑로 449-7,노원구,서울특별시 노원구,37.6186874,127.0769107,True,11110,태릉입구역,태릉입구역 6번출구,태릉입구역 6번출구 도보5분
윤정,1인샵 | 로미로미 | 테라피,서울특별시 광진구 화양동,광진구,서울특별시 광진구,37.547913,127.07461,False,11050,어린이대공원역,어린이대공원역 4번출구,(7호선) 어린이대공원역 4번출구 도보3분
유진,1인샵 | 스웨디시 | 아로마,서울특별시 광진구 화양동,광진구,서울특별시 광진구,37.546719,127.075189,False,11050,어린이대공원역,어린이대공원역 3번출구,어린이대공원역 3번출구 도보5분
플로,스웨디시,서울특별시 광진구 화양동 아차산로,광진구,서울특별시 광진구,,,False,11050,,,
블리왁싱,1인샵,서울특별시 은평구 대조동,은평구,서울특별시 은평구,37.618812,126.920842,False,11120,연신내역,연신내역 4번출구,연신내역 4번출구 도보3분
하늘,1인샵,서울특별시 관악구 관악로14길 110,관악구,서울특별시 관악구,37.4777137,126.9584146,True,11210,낙성대역,낙성대역 4번출구,낙성대역 4번출구 도보9분
채린,1인샵 | 아로마,서울특별시 중랑구 상봉동 망우로,중랑구,서울특별시 중랑구,37.60687,127.0910997,False,11070,상봉역,상봉역 2번출구,상봉역 2번출구 도보3분
김혜수,1인샵,서울특별시 강서구 마곡동 공항대로,강서구,서울특별시 강서구,37.5729928,126.8384887,False,11160,마곡역,마곡역 3번출구,마곡역 3번출구 도보 3분
starpil,1인샵 | 테라피,서울특별시 영등포구 영등포동1가 121 신길로 287,영등포구,서울특별시 영등포구,37.517346,126.9164095,False,11190,신길역,신길역 3번출구,신길역 3번출구 도보3분
수아,1인샵,서울특별시 광진구 구의강변로 85,광진구,서울특별시 광진구,37.5383013,127.093534,True,11050,강변역,강변역 1번출구,강변역 1번출구 도보7분
나영,1인샵,서울특별시 강서구 공항대로,강서구,서울특별시 강서구,37.5729928,126.8384887,False,11160,마곡역,마곡역 3번출구,마곡역 3번출구 도보3분
티파니,스웨디시,서울특별시 구로구 구로동,구로구,서울특별시 구로구,37.481709,126.883351,False,11170,구로디지털단지역,구로디지털단지역 1번출구,구로디지털단지역 1번출구 도보5분
유진,1인샵,서울특별시 영등포구 신길로 287,영등포구,서울특별시 영등포구,37.5172045,126.9117101,True,11190,신길역,신길역 3번출구,신길역 3번출구 도보7분
다현,1인샵 | 스웨디시 | 테라피,서울특별시 영등포구 국회대로54길 15-1,영등포구,서울특별시 영등포구,37.5240613,126.9082379,True,11190,영등포시장역,영등포시장역 2번출구,영등포시장역 2번출구 도보4분
아린,1인샵 | 스웨디시,서울특별시 서대문구 이화여대1길 38,서대문구,서울특별시 서대문구,37.5573283,126.9436605,True,11130,이대역,이대역 1번출구,이대역 1번출구 도보4분
일프로,,서울특별시 강북구 수유동 45-2 노해로 1,강북구,서울특별시 강북구,37.639698,127.0224365,True,11090,수유역,수유역 5번출구,수유역 5번출구 도보3분
수아,1인샵 | 로미로미,서울특별시 관악구 난곡로 300,관악구,서울특별시 관악구,37.4807622,126.9149525,True,11210,,,
소희,1인샵 | 스웨디시 | 테라피,서울특별시 강서구 강서로5나길 65,강서구,서울특별시 강서구,37.5281917,126.8445345,True,11160,까치산역,까치산역 3번출구,까치산역 3번출구 도보9분
더힐테라피,테라피,서울특별시 영등포구 여의도동 44-12 여의대방로67길 8,영등포구,서울특별시 영등포구,37.5195427,126.9310998,True,11190,,,샛강역 2번출구 도보4분
쇼킹,1인샵 | 마사지 | 스웨디시,서울특별시 동대문구 천호대로 425,동대문구,서울특별시 동대문구,37.5617943,127.0664669,True,11060,장한평역,장한평역 4번출구,장한평역 4번출구 도보2분
미인,,서울특별시 종로구 관철동 종로,종로구,서울특별시 종로구,37.570176,126.983197,False,11010,종각역,종각역 4번출구,종각역 4번출구 도보1분
훈이,1인샵 | 스웨디시,서울특별시 종로구 관철동 종로,종로구,서울특별시 종로구,37.570176,126.983197,False,11010,종각역,종각역 4번출구,종각역 4번출구 도보1분
비비앙,,서울특별시 광진구 천호대로 559,광진구,서울특별시 광진구,37.5572054,127.0804369,True,11050,군자역,군자역 4번출구,군자역 4번출구 도보10초
타이힐링,1인샵,서울특별시 강북구 도봉로 277,강북구,서울특별시 강북구,37.6331553,127.023018,True,11090,수유역,수유역 5번출구,수유역 5번출구 도보4분
쿤스웨디시,1인샵 | 스웨디시 | 테라피,서울특별시 강동구 천호동 431-5 올림픽로 653,강동구,서울특별시 강동구,37.5399576,127.1234537,True,11250,천호역,천호역 2번출구,천호역 2번출구 도보1분
로제,1인샵,서울특별시 광진구 화양동 111-12 능동로 172,광진구,서울특별시 광진구,37.5410722,127.0709088,True,11050,건대입구역,건대입구역 3번출구,건대입구역 3번출구 도보10분
한국VIP스웨디시,스웨디시,서울특별시 관악구 신림동 1587-10 관천로 43,관악구,서울특별시 관악구,37.4831741,126.9263947,True,11210,신림역,신림역 4번출구,신림역 4번출구 도보3분
서윤,1인샵 | 스웨디시,서울특별시 마포구 마포대로 52,마포구,서울특별시 마포구,37.5504783,126.9619015,False,11140,공덕역,공덕역 3번출구,공덕역 3번출구 도보5분
하리보 스웨디시,1인샵 | 스웨디시,서울특별시 동대문구 천호대로 457,동대문구,서울특별시 동대문구,37.5611368,127.0699385,True,11060,장한평역,장한평역 4번출구,장한평역 4번출구 도보5분
아윤,1인샵,서울특별시 성동구 성수동2가 277-37 아차산로15길 10,성동구,서울특별시 성동구,37.5436961,127.0625164,True,11040,성수역,성수역 2번출구,성수역 2번출구 도보5분
버블,스웨디시,서울특별시 강서구 마곡동 794 강서로 391,강서구,서울특별시 강서구,37.560153,126.838566,False,11160,발산역,발산역 2번출구,발산역 2번출구 도보1분
라움스웨디시,스웨디시,서울특별시 구로구 구로동 222-7 디지털로32길 30,구로구,서울특별시 구로구,37.4798696,126.8907861,True,11170,구로디지털단지역,구로디지털단지역 2번출구,구로디지털단지역 2번출구 도보7분
황금종 아로마,아로마,서울특별시 강동구 올림픽로80길 10,강동구,서울특별시 강동구,37.5434271,127.1258346,True,11250,천호역,천호역 3번출구,천호역 3번출구 도보1분
야놀자 스웨디시,스웨디시,서울특별시 관악구 신림동 86-13 신림로58길 17-10,관악구,서울특별시 관악구,37.4709076,126.9399353,True,11210,신림역,신림역 2번출구,신림역 2번출구 도보2분
혜린,1인샵 | 테라피,서울특별시 영등포구 국회대로36길 17,영등포구,서울특별시 영등포구,37.5256688,126.8983527,True,11190,영등포구청역,영등포구청역 4번출구,영등포구청역 4번출구 도보2분
벨유,1인샵,서울특별시 종로구 관수동 159-2,종로구,서울특별시 종로구,37.5691633,126.9888004,True,11010,종로3가역,종로3가역 15번출구,종로3가역 15번출구 도보5분
가야,1인샵 | 스웨디시,서울특별시 광진구 동일로 190,광진구,서울특별시 광진구,37.548743,127.068149,True,11050,어린이대공원역,어린이대공원역 5번출구,어린이대공원역 5번출구 도보10분
연아,1인샵 | 스웨디시 | 테라피,서울특별시 종로구 숭인동 310,종로구,서울특별시 종로구,37.573246,127.016589,False,11010,동묘앞역,동묘앞역 4번출구,동묘앞역 4번출구 도보1분
슈가테라피,테라피,서울특별시 영등포구 국회대로36길 13,영등포구,서울특별시 영등포구,37.5261216,126.8980298,True,11190,영등포구청역,영등포구청역 4번출구,영등포구청역 4번출구 도보2분
블링블링,1인샵 | 스웨디시,서울특별시 강서구 화곡로 288,강서구,서울특별시 강서구,37.5500339,126.8484465,True,11160,화곡역,화곡역 3번출구,화곡역 3번출구 도보10분
바비,스웨디시,서울특별시 광진구 군자동 천호대로,광진구,서울특별시 광진구,37.5546039,127.0775406,False,11050,군자역,군자역 1번출구,군자역 1번출구 도보1분
밀크스웨디시,1인샵 | 스웨디시,서울특별시 광진구 자양동 5-2 아차산로34길 18,광진구,서울특별시 광진구,37.5398826,127.0697297,True,11050,건대입구역,건대입구역 5번출구,건대입구역 5번출구 도보1분
지나&수연,스웨디시 | 아로마,서울특별시 강서구 마곡동795-5 마곡중앙6로 85,강서구,서울특별시 강서구,37.5602469,126.8368773,True,11160,발산역,발산역 1번출구,발산역 1번출구 도보3분
소연,1인샵 | 스웨디시,서울특별시 영등포구 당산동5가,영등포구,서울특별시 영등포구,37.5415148,126.9032653,False,11190,당산역,당산역 11번출구,당산역 11번출구 도보5분
드림스웨디시,1인샵 | 스웨디시,서울특별시 강북구 수유동 92-2 도봉로 281,강북구,서울특별시 강북구,37.6173175,127.0301485,True,11090,수유역,수유역 5번출구,수유역 5번출구 도보8분
라인,,서울특별시 관악구 신림로 378,관악구,서울특별시 관악구,37.4881061,126.9287866,True,11210,,,
로아,1인샵 | 스웨디시,서울특별시 동대문구 청량리동 왕산로,동대문구,서울특별시 동대문구,37.581381,127.048958,False,11060,청량리역,청량리역 3번출구,청량리역 3번 출구 도보3분
아우라스웨디시,스웨디시,서울특별시 도봉구 도봉로 476,도봉구,서울특별시 도봉구,37.6479176,127.0347727,True,11100,쌍문역,쌍문역 2번출구,쌍문역 2번출구 도보2분
지중해스웨디시,스웨디시,서울특별시 강동구 구천면로 192,강동구,서울특별시 강동구,37.5403473,127.1257955,True,11250,천호역,천호역 5번출구,천호역 5번출구 도보5분
루나,1인샵,서울특별시 동대문구 신설동,동대문구,서울특별시 동대문구,37.5781545,127.0274599,False,11060,신설동역,신설동역 3번출구,신설동역 3번출구 도보3분
군자동스웨디시,스웨디시,서울특별시 광진구 중곡동 157-17 천호대로109길 9,광진구,서울특별시 광진구,37.5574034,127.0807756,True,11050,군자역,군자역 4번출구,군자역 4번출구 도보1분
유미,1인샵 | 스웨디시 | 테라피,서울특별시 마포구 신공덕동 167 백범로 199,마포구,서울특별시 마포구,37.5504257,126.963167,False,11140,공덕역,공덕역 6번출구,공덕역 6번출구 도보1분
은비,1인샵 | 마사지 | 아로마 | 테라피,서울특별시 노원구 공릉동,노원구,서울특별시 노원구,37.6179085,127.0750345,False,11110,태릉입구역,태릉입구역 6번출구,태릉입구역 6번출구 도보3분(서울 생활사 박물관 인근)
지혜,1인샵,서울특별시 광진구 능동로19길 41,광진구,서울특별시 광진구,37.5472371,127.0714901,True,11050,어린이대공원역,어린이대공원역 4번출구,어린이대공원역 4번출구 도보3분
muu muu 뮤뮤뷰티,1인샵 | 스웨디시 | 테라피,서울특별시 관악구 봉천동 869-10 남부순환로 1808,관악구,서울특별시 관악구,37.4810634,126.9509157,True,11210,서울대입구역,서울대입구역 4번출구,서울대입구역 4번출구 도보1분
하나왁싱,1인샵,서울특별시 구로구 구로동 새말로,구로구,서울특별시 구로구,37.507515,126.89197,False,11170,신도림역,신도림역 2번출구,신도림역 2번출구 도보2분
무무,1인샵,서울특별시 노원구 상계동 593-3 상계로3길 10,노원구,서울특별시 노원구,37.6566969,127.0626114,True,11110,노원역,노원역 9번출구,노원역 9번출구 도보1분
수아,1인샵,서울특별시 종로구 연지동 222,종로구,서울특별시 종로구,37.583443,127.001877,False,11010,종로5가역,종로5가역 1번출구,종로5가역 1번출구 도보5분
미미타이,1인샵 | 아로마,서울특별시 구로구 구로동 26 새말로 102,구로구,서울특별시 구로구,37.507515,126.89197,False,11170,신도림역,신도림역 2번출구,신도림역 2번출구 도보7분
미래,1인샵,서울특별시 강서구 마곡중앙로 161-11,강서구,서울특별시 강서구,37.567935,126.8267335,True,11160,,,마곡나루역 1번출구 도보5분
퀸즈,스웨디시,서울특별시 성동구 행당동 287-15 왕십리로 309,성동구,서울특별시 성동구,37.5611981,127.03461,True,11040,왕십리역,왕십리역 11번출구,왕십리역 11번출구 도보1분
민아,1인샵,서울특별시 강서구 마곡동 758-2 마곡중앙로 161-22,강서구,서울특별시 강서구,37.5686297,126.8257842,True,11160,,,마곡나루역 1번출구 도보5분
H왁싱&테라피,1인샵 | 테라피,서울특별시 양천구 신월동 428-3 월정로,양천구,서울특별시 양천구,37.5343058,126.83504,True,11150,,,
L2스웨디시,스웨디시,서울특별시 영등포구 여의도동 53-3 국제금융로 108,영등포구,서울특별시 영등포구,37.5187228,126.9335595,True,11190,,,샛강역 3번출구 도보5분
리즈테라피,스웨디시 | 테라피,서울특별시 영등포구 당산동1가 284-1 양산로 138-1,영등포구,서울특별시 영등포구,37.5235937,126.898251,True,11190,영등포구청역,영등포구청역 5번출구,영등포구청역 5번출구 도보4분
서현이,1인샵 | 스웨디시 | 아로마 | 테라피,서울특별시 광진구 화양동 이차산로,광진구,서울특별시 광진구,37.540897,127.068177,False,11050,건대입구역,건대입구역 1번출구,건대입구역 1번출구 도보 5분
뮤리엘왁싱,1인샵,서울특별시 강서구 마곡동 759-3 마곡중앙로 161-17,강서구,서울특별시 강서구,37.5680651,126.8259716,True,11160,,,마곡나루역 1번출구 도보3분
윤테라피,1인샵 | 테라피,서울특별시 영등포구 여의대방로 394,영등포구,서울특별시 영등포구,,,False,11190,,,샛강역 3번출구 도보5분
민들레,스웨디시,서울특별시 강서구 마곡동,강서구,서울특별시 강서구,,,False,11160,,,"양천향교역 7,8번출구 도보5분"
힐링뷰티니스,1인샵 | 스웨디시,서울특별시 관악구 봉천동 702-102 보라매로 17,관악구,서울특별시 관악구,37.4911206,126.9269171,True,11210,,,당곡역 신림선 2번출구 도보1분
하트스웨디시,스웨디시 | 테라피,서울특별시 강동구 구천면로24길 11,강동구,서울특별시 강동구,37.5401754,127.1261682,True,11250,천호역,천호역 5번출구,천호역 5번출구 도보4분
하윤,1인샵,서울특별시 강북구 덕릉로 99,강북구,서울특별시 강북구,37.6350053,127.0246282,True,11090,수유역,수유역 4번출구,수유역 4번출구 도보5분
랜드스파,,서울특별시 강서구 화곡로58길 18,강서구,서울특별시 강서구,37.5527714,126.8518312,True,11160,,,
채원,1인샵 | 스웨디시,서울특별시 중랑구 면목로92라길 10,중랑구,서울특별시 중랑구,37.5956725,127.087231,True,11070,상봉역,상봉역 3번출구,"상봉역 2,3번출구 도보5분"
시은,1인샵 | 스웨디시,서울특별시 관악구 신림동5가길 13,관악구,서울특별시 관악구,37.4865118,126.9265488,True,11210,신림역,신림역 6번출구,"신림역 5,6번출구 도보7분"
미닛왁싱,1인샵 | 아로마,서울특별시 노원구 상계동 1262 동일로 1689,노원구,서울특별시 노원구,37.677881,127.055293,False,11110,수락산역,수락산역 6번출구,수락산역 6번출구 도보1분
엘르,1인샵 | 스웨디시,서울특별시 동대문구 용두동 100-1 천호대로25길 81,동대문구,서울특별시 동대문구,37.5778071,127.0339515,True,11060,제기동역,제기동역 5번출구,제기동역 5번출구 도보1분
빛나,1인샵,서울특별시 영등포구 당산동5가,영등포구,서울특별시 영등포구,37.5415148,126.9032653,False,11190,당산역,당산역 11번출구,당산역 11번출구 도보5분
레드,1인샵,서울특별시 금천구 가산디지털로,금천구,서울특별시 금천구,,,False,11180,,,
멜로우스웨디시,스웨디시,서울특별시 중구 다산로20길 17,중구,서울특별시 중구,37.5572149,127.0131706,True,11020,약수역,약수역 3번출구,약수역 3번출구 도보5분
이순희,1인샵 | 아로마,서울특별시 금천구 독산동 332-57 범안로15길,금천구,서울특별시 금천구,37.4681694,126.8924887,True,11180,,,독산역 1번출구 도보 5분
제이왁싱,1인샵,서울특별시 강서구 마곡동 800-1 공항대로 212,강서구,서울특별시 강서구,37.5588167,126.8310072,True,11160,마곡역,마곡역 4번출구,마곡역 4번출구 도보3분
은서,1인샵 | 테라피,서울특별시 노원구 상계로,노원구,서울특별시 노원구,37.65535000000001,127.059594,False,11110,노원역,노원역 8번출구,노원역 8번출구 도보2분
민혜,1인샵,서울특별시 은평구 연서로28길 8,은평구,서울특별시 은평구,37.6178649,126.9207685,True,11120,연신내역,연신내역 5번출구,"연신내역 4번,5번출구 도보2분"
하루,1인샵 | 테라피,서울특별시 광진구 능동로38길 5-3,광진구,서울특별시 광진구,37.5579303,127.0803417,True,11050,군자역,군자역 3번출구,군자역 3번출구 도보1분
달팽이스웨디시,1인샵 | 스웨디시,서울특별시 강동구 천호동 451 천호대로 1053,강동구,서울특별시 강동구,37.536255,127.132047,False,11250,강동역,강동역 1번출구,강동역 1번출구 도보5분
세령,1인샵,서울특별시 강서구 마곡서로,강서구,서울특별시 강서구,,,False,11160,,,마곡나루역 1번출구 도보6분
다혜&예진,,서울특별시 관악구 신림동 1423-4 봉천로12길 49,관악구,서울특별시 관악구,37.4864579,126.9301793,True,11210,신림역,신림역 7번출구,신림역 7번출구 도보1분
은아,1인샵 | 테라피,서울특별시 마포구 도화동 555 마포대로 33,마포구,서울특별시 마포구,37.544503,126.949255,False,11140,마포역,마포역 1번출구,마포역 1번출구 도보 1분거리
블루왁싱,1인샵,서울특별시 관악구 신림동 1433-181 관천로10길 10,관악구,서울특별시 관악구,37.4850074,126.9260111,True,11210,신림역,신림역 5번출구,신림역 5번출구 도보6분
헬로스파,,서울특별시 노원구 상계동 711-9 노해로77길 22,노원구,서울특별시 노원구,37.6551732,127.0592389,True,11110,,,
아름별,1인샵 | 마사지,서울특별시 중랑구 면목동,중랑구,서울특별시 중랑구,37.588745,127.087494,False,11070,면목역,면목역 2번출구,면목역 2번출구 도보10분
굿아로마,마사지 | 아로마,서울특별시 성북구 길음동 518-8,성북구,서울특별시 성북구,37.6062929,127.0272173,True,11080,길음역,길음역 9번출구,길음역 9번출구 도보3분
알지RG,스웨디시 | 테라피,서울특별시 양천구 신정동 902-13 오목로 227,양천구,서울특별시 양천구,37.5260758,126.8627343,True,11150,목동역,목동역 1번출구,목동역 1번출구 도보1분
투썸,1인샵 | 스웨디시 | 아로마,서울특별시 영등포구 당산동,영등포구,서울특별시 영등포구,37.498823,127.029711,False,11190,당산역,당산역 12번출구,당산역 12번출구 도보5분
봄봄,1인샵 | 마사지,서울특별시 강서구 마곡동 795 마곡중앙8로 78,강서구,서울특별시 강서구,37.5607064,126.836189,True,11160,발산역,발산역 1번출구,발산역 1번출구 도보3분
뉴욕스웨디시,스웨디시,서울특별시 종로구 관철동,종로구,서울특별시 종로구,37.498823,127.029711,False,11010,종각역,종각역 12번출구,종각역 12번출구 도보1분
지은,1인샵 | 아로마,서울특별시 중랑구 상봉동,중랑구,서울특별시 중랑구,37.60687,127.0910997,False,11070,상봉역,상봉역 2번출구,상봉역 2번출구 도보 3분
이연,1인샵 | 테라피,서울특별시 강서구 마곡동 마곡중앙로,강서구,서울특별시 강서구,37.5754878,126.8367695,False,11160,마곡역,마곡역 4번출구,마곡역 4번출구 도보3분
펩시,1인샵,서울특별시 강서구 공항대로 195,강서구,서울특별시 강서구,37.5598784,126.8291564,True,11160,마곡역,마곡역 3번출구,마곡역 3번출구 도보3분
가희,1인샵 | 스웨디시,서울특별시 마포구 서교동 393-1 양화로7길 3,마포구,서울특별시 마포구,37.5510228,126.9151587,True,11140,합정역,합정역 2번출구,합정역 2번출구 도보1분
해피퀸아로마,1인샵 | 아로마,서울특별시 영등포구 영등포동3가 3-4 영등포로 248,영등포구,서울특별시 영등포구,37.5189281,126.9087605,True,11190,,,영등포역 5번출구 도보5분  (홈샵: 서울
서희,1인샵,서울특별시 강동구 길동,강동구,서울특별시 강동구,,,False,11250,,,
인조이 스웨디시,스웨디시,서울특별시 성북구 고려대로24길 8,성북구,서울특별시 성북구,37.5858083,127.0291884,True,11080,안암역,안암역 4번출구,"안암역 3,4번출구 도보2분"
가나,,서울특별시 강서구 마곡동로 62,강서구,서울특별시 강서구,37.5605492,126.8339514,True,11160,발산역,발산역 2번출구,5호선 발산역 2번출구 도보4분
체리,1인샵 | 스웨디시,서울특별시 동대문구 전농동 620-69 왕산로 200,동대문구,서울특별시 동대문구,37.5798174,127.0460265,True,11060,청량리역,청량리역 5번출구,"청량리역 4,5번출구 도보1분"
가인,1인샵,서울특별시 마포구 동교동 155-27 양화로 183,마포구,서울특별시 마포구,37.5583965,126.9251195,True,11140,홍대입구역,홍대입구역 3번출구,홍대입구역 3번출구 도보1분
더나드,마사지 | 스웨디시,서울특별시 광진구 화양동 47-1 아차산로29길 41,광진구,서울특별시 광진구,37.5429943,127.0690323,True,11050,건대입구역,건대입구역 1번출구,건대입구역 1번출구 도보5분
휴,1인샵 | 아로마 | 테라피,서울시 동작구 신대방동 719 신대방1가길 38,,,37.485215,126.901594,False,,구로디지털단지역,구로디지털단지역 6번출구,구로디지털단지역 6번출구 도보5분
스텔라,1인샵 | 스웨디시,서울특별시 금천구 가산동,금천구,서울특별시 금천구,37.48089,126.8825735,False,11180,가산디지털단지역,가산디지털단지역 9번출구,가산디지털단지역 9번출구 도보6분
셔츠,1인샵 | 아로마,서울특별시 마포구 도화동 555 마포대로 33,마포구,서울특별시 마포구,37.5389594,126.9491776,False,11140,마포역,,"마포역1,2출구 도보3분"
제니스,1인샵,서울특별시 강서구 강서로5나길 141,강서구,서울특별시 강서구,37.5280378,126.8400761,True,11160,까치산역,까치산역 3번출구,까치산역 3번출구 도보10분
설레임스파,테라피,서울특별시 광진구 자양동 아차산로,광진구,서울특별시 광진구,37.536693,127.08484,False,11050,구의역,구의역 4번출구,구의역 4번출구 도보1분
윤희,1인샵,서울특별시 노원구 화랑로 449-7,노원구,서울특별시 노원구,37.6186874,127.0769107,True,11110,,,
하윤,1인샵 | 스웨디시,서울특별시 양천구 신월동,양천구,서울특별시 양천구,,,False,11150,,,
이솔,1인샵 | 테라피,서울특별시 강서구 마곡동,강서구,서울특별시 강서구,37.5729928,126.8384887,False,11160,마곡역,마곡역 3번출구,마곡역 3번출구 도보1분
태양,1인샵,서울특별시 관악구 신림동,관악구,서울특별시 관악구,37.48394,126.928801,False,11210,신림역,신림역 4번출구,신림역 4번출구 도보3분
스타스웨디시,스웨디시,서울특별시 관악구 남부순환로,관악구,서울특별시 관악구,37.4724376,126.9452473,False,11210,신림역,신림역 6번출구,신림역 6번출구 도보5분
지아,1인샵,서울특별시 은평구 불광동 486-13 통일로82길 6-5,은평구,서울특별시 은평구,37.6203376,126.9209962,True,11120,연신내역,연신내역 1번출구,3호선 연신내역 1번출구 도보1분
맥심스웨디시,스웨디시,서울특별시 금천구 남부순환로 1266,금천구,서울특별시 금천구,37.478891,126.8911529,True,11180,,,
로라,1인샵,서울특별시 강서구 마곡동로 62,강서구,서울특별시 강서구,37.5605492,126.8339514,True,11160,발산역,발산역 2번출구,발산역 2번출구 도보3분
비비,1인샵 | 아로마 | 테라피,서울특별시 서대문구 합동,서대문구,서울특별시 서대문구,37.5621184,126.9619551,False,11130,충정로역,충정로역 3번출구,충정로역 3번출구 도보 1분
로즈,1인샵 | 테라피,서울특별시 마포구 양화로7길 3,마포구,서울특별시 마포구,37.5510228,126.9151587,True,11140,합정역,합정역 1번출구,합정역 1번출구 도보1분(홍대입구역 1번출구 도보10분)
퍼스트왁싱,1인샵,서울특별시 노원구 화랑로 441,노원구,서울특별시 노원구,37.6182583,127.0762946,True,11110,태릉입구역,태릉입구역 6번출구,태릉입구역 6번출구 도보3분
단아,1인샵 | 마사지,서울특별시 마포구 성산동 월드컵로,마포구,서울특별시 마포구,37.563418,126.903472,False,11140,마포구청역,마포구청역 1번출구,마포구청역 1번출구 도보3분
벨라테라피,마사지 | 테라피,서울특별시 양천구 목동 792-2 등촌로 36,양천구,서울특별시 양천구,37.5332031,126.8639949,True,11150,목동역,목동역 3번출구,목동역 3번출구 도보7분
조제,1인샵 | 마사지 | 아로마,서울특별시 용산구 한강로 한강대로,용산구,서울특별시 용산구,37.5350315,126.9734515,False,11030,삼각지역,삼각지역 9번출구,삼각지역 9번출구 도보4분
안젤라,1인샵 | 테라피,서울특별시 마포구 공덕동,마포구,서울특별시 마포구,37.5504257,126.963167,False,11140,공덕역,공덕역 6번출구,공덕역 6번출구 도보4분
아일라,1인샵,서울특별시 강남구 강남대로84길 15,강남구,서울특별시 강남구,37.4970267,127.0297692,True,11230,,,서울특별시 강남구 역삼동 825-24
그린,1인샵 | 스웨디시 | 아로마,서울특별시 종로구 종로1가 24,종로구,서울특별시 종로구,37.570176,126.983197,False,11010,종각역,종각역 1번출구,종각역 1번출구 도보4분(광화문역 교보문고방향 청진공원)
아라,1인샵,서울특별시 송파구 방이동 42 올림픽로34길 5-14,송파구,서울특별시 송파구,37.5161355,127.1113386,True,11240,몽촌토성역,몽촌토성역 3번출구,몽촌토성역 3번출구 도보2분
바이데일리,1인샵,서울특별시 송파구 위례송파로3길 12,송파구,서울특별시 송파구,37.4863446,127.1428416,True,11240,,,
유보라,1인샵,서울특별시 서초구 서초동 1321-9 강남대로55길 24,서초구,서울특별시 서초구,37.4956618,127.0255981,True,11220,강남역,강남역 6번출구,강남역 6번출구 도보5분
정원,1인샵 | 아로마 | 테라피,서울특별시 강남구 서초동,강남구,서울특별시 강남구,37.497952,127.027619,False,11230,강남역,강남역 5번출구,강남역 5번출구 도보5분
김사랑,1인샵 | 테라피,서울특별시 서초구 반포대로 118,서초구,서울특별시 서초구,37.4906817,127.0086205,True,11220,서초역,서초역 2번출구,서초역 2번출구 도보3분
이유비,1인샵 | 테라피,서울특별시 서초구 서초동,서초구,서울특별시 서초구,37.497952,127.027619,False,11220,강남역,강남역 5번출구,강남역 5번출구 도보5분
유소나,1인샵 | 로미로미 | 스웨디시,서울특별시 강남구 언주로 514,강남구,서울특별시 강남구,37.5046496,127.0422031,True,11230,,,서울특별시 강남구 역삼동 700-3
정아,1인샵 | 테라피,서울특별시 강남구 강남대로 382,강남구,서울특별시 강남구,37.4974507,127.0287938,True,11230,,,서울특별시 강남구 역삼동 825-2
로엔테라피,테라피,서울특별시 강남구 강남대로,강남구,서울특별시 강남구,,,False,11230,,,서울 강남구 역삼동
크림,스웨디시,서울특별시 강남구 논현동 강남대로,강남구,서울특별시 강남구,37.510163,127.021483,False,11230,논현역,논현역 3번출구,신논현역 3번출구 도보 5분
제이,1인샵 | 스웨디시 | 테라피,서울특별시 강남구 역삼동 623-22 테헤란로13길 65,강남구,서울특별시 강남구,37.5074089,127.0580262,True,11230,,,서울특별시 강남구 역삼동 623-22 (테헤란로13길 65)
더라임,,서울특별시 서초구 서초동 강남대로,서초구,서울특별시 서초구,37.497952,127.027619,False,11220,강남역,강남역 5번출구,강남역 5번출구 도보2분
맨큐,,서울특별시 서초구 강남대로 305,서초구,서울특별시 서초구,37.490181,127.0306284,True,11220,강남역,강남역 5번출구,강남역 5번출구 도보10분
고윤정,1인샵,서울특별시 강남구 삼성동 158-10 테헤란로87길 17,강남구,서울특별시 강남구,37.51048979999999,127.058341,True,11230,삼성역,삼성역 5번출구,삼성역 5번출구 도보5분
샤넬,아로마,서울특별시 서초구 서초동,서초구,서울특별시 서초구,37.497952,127.027619,False,11220,강남역,강남역 5번출구,강남역 5번출구 도보1분
혜리,1인샵 | 스웨디시 | 테라피,서울특별시 강남구 테헤란로52길 6,강남구,서울특별시 강남구,37.5032337,127.0471914,True,11230,,,서울특별시 강남구 역삼동 707-38
도쿄100%,스웨디시,서울특별시 서초구 서초동,서초구,서울특별시 서초구,37.497806,127.026496,False,11220,강남역,강남역 9번출구,강남역 9번출구 도보5분
우유스웨디시,스웨디시,서울특별시 서초구 서초동,서초구,서울특별시 서초구,37.497806,127.026496,False,11220,강남역,강남역 9번출구,강남역 9번출구 도보5분
미우미우,1인샵 | 스웨디시,서울특별시 송파구 새말로 62,송파구,서울특별시 송파구,37.485945,127.122122,False,11240,문정역,문정역 3번출구,문정역 3번출구 도보10분
1%명품,,,,,,,False,,,,"홈케어: 강남구 (강남,논현,신사,선릉,삼성,역삼)"
아영,1인샵 | 로미로미 | 스웨디시,서울특별시 서초구 잠원동 27-2 강남대로 589,서초구,서울특별시 서초구,37.5151065,127.0137779,True,11220,신사역,신사역 4번출구,신사역 4번출구 도보2분
디엘로,,서울특별시 강남구 역삼동 827-42 테헤란로6길 26,강남구,서울특별시 강남구,37.4968619,127.0311788,True,11230,,,서울특별시 강남구 역삼동 827-42(테헤란로6길 26)
Dior 디올,1인샵 | 스웨디시 | 테라피,서울특별시 송파구 오금로 87,송파구,서울특별시 송파구,37.5146462,127.1074228,True,11240,잠실역,잠실역 10번출구,잠실역 10번 출구 도보5분
강남스파,,서울특별시 강남구 신사동 566-35 논현로157길 8,강남구,서울특별시 강남구,37.506905,127.0344844,True,11230,압구정역,압구정역 4번출구,압구정역 4번출구 도보4분
연아,1인샵,서울특별시 송파구 방이동,송파구,서울특별시 송파구,37.5132612,127.1001336,False,11240,잠실역,잠실역 10번출구,잠실역 10번출구 도보5분
Mana&Makia,,서울특별시 강남구 도곡동 남부순환로,강남구,서울특별시 강남구,37.484102,127.034369,False,11230,양재역,양재역 3번출구,양재역 3번출구 도보 4분
오아시스,,서울특별시 강남구 대치동 896-27 선릉로86길 38,강남구,서울특별시 강남구,37.5038104,127.0527713,True,11230,선릉역,선릉역 1번출구,선릉역 1번출구 도보3분
다희,1인샵,서울특별시 송파구 올림픽로,송파구,서울특별시 송파구,37.5132612,127.1001336,False,11240,잠실역,잠실역 10번출구,잠실역 10번출구 도보5분
세이렌,스웨디시 | 테라피,서울특별시 강남구 역삼동 670-18 테헤란로27길 22,강남구,서울특별시 강남구,37.5029099,127.0377341,True,11230,,,서울특별시 강남구 역삼동 670-18 (테헤란로27길 22)
Prestige V.I.P,1인샵,서울특별시 강남구 청담동 18-3 선릉로148길 52-7,강남구,서울특별시 강남구,37.5219238,127.0435649,True,11230,,,
MEN,1인샵,서울특별시 강남구 학동로82길 15,강남구,서울특별시 강남구,37.517992,127.0517634,True,11230,청담역,청담역 6번출구,"청담역 5,6번출구 도보2분"
유정,1인샵,서울특별시 송파구 충민로 5,송파구,서울특별시 송파구,37.477699,127.126274,False,11240,장지역,장지역 4번출구,장지역 4번출구 도보10분
꿀스웨디시,스웨디시,서울특별시 서초구 잠원동 40-9 신반포로 329,서초구,서울특별시 서초구,37.51080839999999,127.0194965,True,11220,논현역,논현역 7번출구,논현역 7번출구 도보1분
정민,1인샵,서울특별시 송파구 중대로 127,송파구,서울특별시 송파구,37.4948246,127.1219274,True,11240,,,가락사장역 4번출구 도보5분
팰리스,1인샵 | 스웨디시,서울특별시 강남구 도곡동 467-17 언주로30길 57,강남구,서울특별시 강남구,37.4897104,127.0544907,True,11230,도곡역,도곡역 4번출구,도곡역 4번출구 도보3분
유정,1인샵,서울특별시 강남구 역삼동 테헤란로 8길,강남구,서울특별시 강남구,37.4972853,127.0318715,True,11230,,,서울특별시 강남구 역삼동 (테헤란로 8길)
비올라,1인샵,서울특별시 강남구 강남대로84길 13,강남구,서울특별시 강남구,37.4968747,127.0295794,True,11230,,,서울특별시 강남구 역삼동 825-26
오로라 스웨디시,스웨디시,서울특별시 송파구 오금로11길 11-8,송파구,서울특별시 송파구,37.5149946,127.1087274,True,11240,잠실역,잠실역 10번출구,잠실역 10번출구 도보5분
나나,1인샵,서울특별시 강남구 논현동,강남구,서울특별시 강남구,37.510163,127.021483,False,11230,논현역,논현역 3번출구,신논현역 3번출구 도보3분
시아,1인샵 | 스웨디시 | 아로마,서울특별시 송파구 잠실동 올림픽로,송파구,서울특별시 송파구,37.511037,127.073674,False,11240,종합운동장역,종합운동장역 9번출구,종합운동장역9번출구 도보5분
하이엔드,,서울특별시 강남구 대치동 896-27 선릉로86길 38,강남구,서울특별시 강남구,37.5038104,127.0527713,True,11230,선릉역,선릉역 1번출구,선릉역 1번출구 도보3분
민채나,1인샵 | 테라피,서울특별시 서초구 잠원동 26-8 강남대로97길 17,서초구,서울특별시 서초구,37.5146565,127.0183008,True,11220,신사역,신사역 4번출구,신사역 4번출구 도보2분
가인,1인샵 | 테라피,서울특별시 강남구 역삼동 708-26 선릉로 431,강남구,서울특별시 강남구,37.5035485,127.0490615,True,11230,,,서울특별시 강남구 역삼동 708-26(선릉로 431)
0.5마카롱스웨디시,스웨디시,서울특별시 강남구 테헤란로4길 6,강남구,서울특별시 강남구,37.4977256,127.0292972,True,11230,,,서울특별시 강남구 역삼동 825-20
스파온,스웨디시,서울특별시 서초구 방배동 875-23 방배로26길 6,서초구,서울특별시 서초구,37.4889522,126.9933621,True,11220,내방역,내방역 7번출구,내방역 7번출구 도보1분
블랙로즈,,서울특별시 강남구 신사동 514-22 강남대로152길 22,강남구,서울특별시 강남구,37.5081684,127.0232145,True,11230,신사역,신사역 8번출구,신사역 8번출구 도보2분
Lynn 린,1인샵 | 스웨디시 | 테라피,서울특별시 송파구 방이동 22-5 오금로 87,송파구,서울특별시 송파구,37.5146462,127.1074228,True,11240,잠실역,잠실역 8번출구,잠실역 8번출구 도보5분
설아,1인샵 | 로미로미 | 스웨디시 | 테라피,서울특별시 강남구 역삼동 623-22 테헤란로13길 65,강남구,서울특별시 강남구,37.5074089,127.0580262,True,11230,,,서울특별시 강남구 역삼동 623-22 (테헤란로13길 65)
스와르맨,아로마 | 테라피,서울특별시 강남구 논현동 143-15 강남대로 524,강남구,서울특별시 강남구,37.5090222,127.0227614,True,11230,논현역,논현역 3번출구,논현역 3번출구 도보3분
뉴힐링케어,1인샵,서울특별시 송파구 문정동 639-5 정의로7길 13,송파구,서울특별시 송파구,37.4823436,127.1172056,True,11240,문정역,문정역 4번출구,문정역 4번출구 도보10분
이루다,1인샵 | 스웨디시 | 아로마,서울특별시 강남구 역삼동 623-22 테헤란로13길 65,강남구,서울특별시 강남구,37.5074089,127.0580262,True,11230,,,서울특별시 강남구 역삼동 623-22 (테헤란로13길 65)
누브,,서울특별시 강남구 삼성동 25-16 봉은사로73길 43,강남구,서울특별시 강남구,37.5152299,127.049575,True,11230,삼성중앙역,삼성중앙역 1번출구,삼성중앙역 1번출구 도보6분
지수,1인샵,서울특별시 송파구 문정동 651-10 법원로 92,송파구,서울특별시 송파구,37.4816698,127.1206971,True,11240,문정역,문정역 3번출구,문정역 3번출구 도보5분
미주,1인샵 | 스웨디시 | 아로마 | 테라피,서울특별시 송파구 문정동 624 법원로 55,송파구,서울특별시 송파구,37.4906778,127.1270405,False,11240,문정역,문정역 4번출구,문정역 4번출구 도보 5분
소라,1인샵,서울특별시 송파구 송파대로 111,송파구,서울특별시 송파구,,,False,11240,,,
아름,1인샵,서울특별시 송파구 백제고분로,송파구,서울특별시 송파구,37.511037,127.073674,False,11240,종합운동장역,종합운동장역 9번출구,종합운동장역 9번출구 도보5분
모카스파,마사지,서울특별시 송파구 방이동 38-11 오금로11길 23-8,송파구,서울특별시 송파구,37.5154848,127.1100565,True,11240,몽촌토성역,몽촌토성역 3번출구,몽촌토성역 3번출구 도보5분
김서이,1인샵 | 로미로미 | 아로마 | 테라피,서울특별시 강남구 대치동,강남구,서울특별시 강남구,37.510177,127.042985,False,11230,선릉역,선릉역 1번출구,선릉역 1번출구 도보 3분
캔들테라피,테라피,서울특별시 강남구 논현로 565,강남구,서울특별시 강남구,37.5064868,127.0337912,True,11230,,,서울특별시 강남구 역삼동 606-18
투썸에스테틱,테라피,서울특별시 서초구 서초동 1338-11 강남대로51길 1,서초구,서울특별시 서초구,37.4912682,127.0301908,True,11220,강남역,강남역 5번출구,강남역 5번출구 도보7분
넘보원,아로마 | 테라피,서울특별시 강남구 역삼로,강남구,서울특별시 강남구,,,False,11230,,,서울특별시 강남구 역삼로
유아,1인샵 | 스웨디시,서울특별시 강남구 대치동,강남구,서울특별시 강남구,37.510177,127.042985,False,11230,선릉역,선릉역 1번출구,선릉역 1번출구 도보3분
홍서진,1인샵,서울특별시 강남구 테헤란로19길 21-8,강남구,서울특별시 강남구,37.50170809999999,127.0326545,True,11230,,,서울특별시 강남구 역삼동 637-52
은지,1인샵,서울특별시 송파구 올림픽로8길 20,송파구,서울특별시 송파구,37.5100555,127.0800358,True,11240,잠실새내역,잠실새내역 4번출구,잠실새내역 4번출구 도보4분
초에너지,1인샵,서울특별시 서초구 서초동 1330 강남대로53길 11,서초구,서울특별시 서초구,37.4939596,127.0278814,True,11220,강남역,강남역 5번출구,강남역 5번출구 도보3분
크리드스웨디시,스웨디시,서울특별시 강남구 언주로106길 28,강남구,서울특별시 강남구,37.5080662,127.0420106,True,11230,,,서울특별시 강남구 역삼동 685
케렌시아,스웨디시,서울특별시 강남구 언주로108길 8,강남구,서울특별시 강남구,37.5080479,127.0403099,True,11230,,,서울특별시 강남구 역삼동 687
Spa&Waxing,,서울특별시 강남구 역삼동 831-30 역삼로3길 17-6,강남구,서울특별시 강남구,37.4947016,127.0305955,True,11230,,,서울특별시 강남구 역삼동 831-30 (역삼로3길 17-6)
제니,1인샵,서울특별시 송파구 송파대로 145,송파구,서울특별시 송파구,37.4969143,127.1121343,True,11240,문정역,문정역 3번출구,문정역 3번출구 도보3분
차은우,1인샵,서울특별시 강남구 역삼동 강남대로,강남구,서울특별시 강남구,,,False,11230,,,서울특별시 강남구 역삼동 (강남대로)
플렉스,1인샵 | 테라피,서울특별시 강남구 삼성동,강남구,서울특별시 강남구,37.504487,127.048957,False,11230,선릉역,선릉역 10번출구,선릉역 10번출구 도보5분
소은,1인샵,서울특별시 송파구 잠실동,송파구,서울특별시 송파구,37.511037,127.073674,False,11240,종합운동장역,종합운동장역 9번출구,종합운동장역 9번출구 도보5분
미드나잇,스웨디시,서울특별시 강남구 신사동 512-1 강남대로154길 12,강남구,서울특별시 강남구,37.5078464,127.0233683,True,11230,신사역,신사역 8번출구,신사역 7.8번출구 도보1분
아이콘스웨디시,스웨디시,서울특별시 서초구 반포동 732-22 강남대로83길 68,서초구,서울특별시 서초구,37.5045804,127.0204716,True,11220,논현역,논현역 1번출구,신논현역 1번출구 도보3분
몽(夢)스웨디시,스웨디시,서울특별시 송파구 방이동,송파구,서울특별시 송파구,37.517641,127.11274,False,11240,몽촌토성역,몽촌토성역 3번출구,몽촌토성역 3번출구 도보2분
미슐랭스웨디시,스웨디시,서울특별시 강남구 논현로99길 41,강남구,서울특별시 강남구,37.5028295,127.0320134,True,11230,,,서울특별시 강남구 역삼동 630
초아,1인샵 | 스웨디시,서울특별시 송파구 법원로4길 10,송파구,서울특별시 송파구,37.4948255,127.0120556,True,11240,문정역,문정역 3번출구,문정역 3번출구 도보5분
탑 시크,,서울특별시 강남구 대치동 896-52 선릉로86길 48,강남구,서울특별시 강남구,37.5040938,127.0536392,True,11230,선릉역,선릉역 1번출구,선릉역 1번출구 도보6분
하채림,1인샵 | 스웨디시,서울특별시 송파구 방이동 22-5 오금로 87,송파구,서울특별시 송파구,37.5146462,127.1074228,True,11240,,,
단비,1인샵,서울특별시 강남구 역삼동 770-12 역삼로34길 8,강남구,서울특별시 강남구,37.4966281,127.0421206,True,11230,,,서울특별시 강남구 역삼동 770-12 (역삼로34길 8)
아만스웨디시,스웨디시,서울특별시 강남구 대치동 896-51 테헤란로70길 26,강남구,서울특별시 강남구,37.5043959,127.0534088,True,11230,선릉역,선릉역 1번출구,선릉역 1번출구 도보7분
체리씨의 신기루상점,1인샵 | 로미로미,서울특별시 서초구 강남대로,서초구,서울특별시 서초구,,,False,11220,,,
라울,1인샵 | 마사지 | 스웨디시,서울특별시 송파구 백제고분로7길 49,송파구,서울특별시 송파구,37.5099436,127.0821428,True,11240,잠실새내역,잠실새내역 3번출구,잠실새내역 3번출구 도보4분
유빈,1인샵,서울특별시 강남구 논현로,강남구,서울특별시 강남구,,,False,11230,,,서울특별시 강남구 역삼동
굿띵,1인샵 | 로미로미 | 마사지 | 스웨디시 | 테라피,서울특별시 송파구 문정동 652-2 송파대로 145,송파구,서울특별시 송파구,37.4855846,127.1225635,True,11240,문정역,문정역 3번출구,문정역 3번출구 도보3분
희원,1인샵 | 마사지,서울특별시 강남구 역삼동 논현로,강남구,서울특별시 강남구,,,False,11230,,,서울특별시 강남구 역삼동 (논현로)
몽환,1인샵 | 스웨디시,서울특별시 강남구 역삼동 623-22 테헤란로13길 65,강남구,서울특별시 강남구,37.5074089,127.0580262,True,11230,,,서울특별시 강남구 역삼동 623-22 (테헤란로13길 65)
여진,1인샵 | 스웨디시,서울특별시 강남구 논현로,강남구,서울특별시 강남구,,,False,11230,,,서울특별시 강남구 역삼동
수아,1인샵 | 테라피,서울특별시 송파구 방이동,송파구,서울특별시 송파구,37.5132612,127.1001336,False,11240,잠실역,잠실역 10번출구,잠실역 10번출구 도보 5분
수연,1인샵 | 테라피,서울특별시 강남구 삼성동,강남구,서울특별시 강남구,37.504487,127.048957,False,11230,선릉역,선릉역 8번출구,선릉역 8번출구 도보5분
은채 왁싱&테라피,1인샵 | 테라피,서울특별시 서초구 양재동 275-3 마방로10길 15,서초구,서울특별시 서초구,37.47687670000001,127.0439265,True,11220,,,
러시안스웨디시,마사지 | 스웨디시,서울특별시 서초구 서초동 1337 사임당로 174,서초구,서울특별시 서초구,37.484102,127.034369,False,11220,양재역,양재역 2번출구,양재역 2번출구 도보5분
포스킨라보떼,스웨디시 | 테라피,서울특별시 송파구 문정동 620 새말로 62,송파구,서울특별시 송파구,37.477699,127.126274,False,11240,장지역,장지역 4번출구,장지역 4번출구 도보8분
시에스타,스웨디시,서울특별시 강남구 강남대로160길 10,강남구,서울특별시 강남구,37.5191415,127.0198075,True,11230,신사역,신사역 6번출구,신사역 6번출구 도보3분
Marriott Swedish,스웨디시,서울특별시 강남구 강남대로,강남구,서울특별시 강남구,37.5179808,127.0396583,False,11230,논현역,논현역 1번출구,논현역 1번출구 도보1분
하늘,1인샵 | 아로마,서울특별시 강남구 대치동 891-23 선릉로,강남구,서울특별시 강남구,37.5050809,127.0535226,True,11230,선릉역,선릉역 1번출구,선릉역 1번출구 도보4분
베베,테라피,서울특별시 강남구 청담동 학동로,강남구,서울특별시 강남구,37.5227271,127.0478605,False,11230,청담역,청담역 8번출구,청담역 8번출구 도보3분
아르떼테라피,스웨디시 | 테라피,서울특별시 송파구 방이동 43-2 오금로11길 43,송파구,서울특별시 송파구,37.515877,127.1116382,True,11240,몽촌토성역,몽촌토성역 3번출구,몽촌토성역 3번출구 도보2분
준희,1인샵 | 로미로미 | 테라피,서울특별시 강남구 대치동,강남구,서울특별시 강남구,37.510177,127.042985,False,11230,선릉역,선릉역 1번출구,선릉역 1번출구 도보4분
슈가,1인샵,서울특별시 강남구 역삼동,강남구,서울특별시 강남구,,,False,11230,,,서울특별시 강남구 역삼동
잘풀리는샵,1인샵,서울특별시 강남구 논현동 186-5 강남대로116길 38,강남구,서울특별시 강남구,37.50677719999999,127.0270476,True,11230,논현역,논현역 3번출구,신논현역 3번출구 도보5분
프레첼,,서울특별시 강남구 논현동 122-8 학동로4길 15,강남구,서울특별시 강남구,37.5118341,127.0245397,True,11230,논현역,논현역 3번출구,논현역 3번출구 도보1분
초코,스웨디시,서울특별시 송파구 잠실동,송파구,서울특별시 송파구,37.511433,127.084357,False,11240,잠실새내역,잠실새내역 4번출구,잠실새내역 4번출구 도보5분
이재,1인샵 | 스웨디시,서울특별시 송파구 송파대로 111,송파구,서울특별시 송파구,37.477699,127.126274,False,11240,장지역,장지역 4번출구,장지역 4번출구 도보5분
데자뷰 테라피,테라피,서울특별시 강남구 대치동 889-72 선릉로,강남구,서울특별시 강남구,37.5035418,127.0510738,True,11230,선릉역,선릉역 1번출구,선릉역 1번출구 도보2분
메이드,로미로미 | 스웨디시,서울특별시 강남구 삼성동 122-30 삼성로103길 22,강남구,서울특별시 강남구,37.5100798,127.0527544,True,11230,삼성중앙역,삼성중앙역 6번출구,삼성중앙역 6번출구 도보5분
에비앙,테라피,서울특별시 강남구 신사동 585-1 논현로 831,강남구,서울특별시 강남구,37.5225787,127.0276935,True,11230,압구정역,압구정역 4번출구,압구정역 4번출구 도보4분
혜원,1인샵,서울특별시 송파구 송파대로 111,송파구,서울특별시 송파구,37.477699,127.126274,False,11240,장지역,장지역 8번출구,장지역 8번출구 도보7분
르수아,스웨디시,서울특별시 강남구 도곡동 548-5 도곡로18길 13,강남구,서울특별시 강남구,37.49043470000001,127.0383401,True,11230,,,
엘라 힐링테라피,1인샵 | 스웨디시 | 테라피,서울특별시 강남구 삼성동 선릉로,강남구,서울특별시 강남구,37.504487,127.048957,False,11230,선릉역,선릉역 8번출구,선릉역 8번출구 도보5분
메이드테라피,테라피,서울특별시 송파구 문정동 643-1 법원로 114,송파구,서울특별시 송파구,37.4816698,127.1206971,True,11240,문정역,문정역 4번출구,"문정역 3,4번출구 도보5분"
자스민,1인샵 | 테라피,서울특별시 강남구 대치동 890-59 선릉로86길 31,강남구,서울특별시 강남구,37.5041507,127.0520978,True,11230,선릉역,선릉역 1번출구,선릉역 1번출구 도보3분
올데이스웨디시,스웨디시,서울특별시 송파구 송파대로 111,송파구,서울특별시 송파구,37.485945,127.122122,False,11240,문정역,문정역 3번출구,문정역 3번출구 도보9분
루다,1인샵 | 로미로미,서울특별시 송파구 잠실동 백제고분로,송파구,서울특별시 송파구,37.511433,127.084357,False,11240,잠실새내역,잠실새내역 4번출구,잠실새내역 4번출구 도보4분
유리,1인샵 | 로미로미 | 스웨디시,서울특별시 강남구 대치동 선릉로,강남구,서울특별시 강남구,37.510177,127.042985,False,11230,선릉역,선릉역 1번출구,선릉역 1번출구 도보3분
보희,1인샵 | 스웨디시,서울특별시 강남구 역삼동 623-22 테헤란로13길 65,강남구,서울특별시 강남구,37.5074089,127.0580262,True,11230,,,서울특별시 강남구 역삼동 623-22 (테헤란로13길 65)
알로,1인샵,서울특별시 강남구 역삼동,강남구,서울특별시 강남구,,,False,11230,,,서울특별시 강남구 역삼동
J테라피,1인샵 | 테라피,서울특별시 서초구 언남7길 8,서초구,서울특별시 서초구,37.473351,127.0418881,True,11220,,,양재시민의숲역 2번출구 도보7분
솜사탕스웨디시,로미로미 | 스웨디시 | 테라피,서울특별시 강남구 대치동 890-54 테헤란로64길 13,강남구,서울특별시 강남구,37.5037597,127.0512298,True,11230,선릉역,선릉역 1번출구,선릉역 1번출구 도보5분
솜사탕,1인샵,서울특별시 강남구 역삼동,강남구,서울특별시 강남구,,,False,11230,,,서울특별시 강남구 역삼동
인스타스파,,서울특별시 송파구 잠실동 189-4 백제고분로7길 28-17,송파구,서울특별시 송파구,37.5041765,127.087303,True,11240,잠실새내역,잠실새내역 4번출구,잠실새내역 4번출구 도보5분
수정,1인샵,서울특별시 서초구 서초대로73길 54신논현역 7번출구 도보4분,서초구,서울특별시 서초구,37.50204430000001,127.0240125,True,11220,논현역,논현역 7번출구,서울특별시 서초구 서초대로73길 54신논현역 7번출구 도보4분
마티니,1인샵,서울특별시 서초구 잠원동 신반포로,서초구,서울특별시 서초구,37.515057,127.019569,False,11220,신사역,신사역 4번출구,신사역 4번출구 도보3분 (홈샵: 서울)
씨애틀,1인샵 | 스웨디시 | 테라피,서울특별시 서초구 방배동 서초대로,서초구,서울특별시 서초구,37.486491,126.981876,False,11220,이수역,이수역 3번출구,이수역 3번출구 도보2분
제시,1인샵,서울특별시 송파구 문정동 충민로,송파구,서울특별시 송파구,37.477699,127.126274,False,11240,장지역,장지역 4번출구,장지역 4번출구 도보7분
포시즌왁싱,1인샵,서울특별시 강남구 역삼동 683-39 선릉로 107길 7,강남구,서울특별시 강남구,37.5089434,127.0436686,True,11230,,,서울특별시 강남구 역삼동 683-39(선릉로 107길 7)
프리지아,1인샵 | 테라피,서울특별시 서초구 효령로79길 1,서초구,서울특별시 서초구,37.4899085,127.0302041,True,11220,강남역,강남역 5번출구,강남역 5번출구 도보10분
JJ 포맨,테라피,서울특별시 강남구 봉은사로1길 37,강남구,서울특별시 강남구,37.5071336,127.0239866,True,11230,논현역,논현역 3번출구,신논현역 3번출구 도보 4분
현아,1인샵,서울특별시 서초구 서초동 1337-3 효령로77길 30,서초구,서울특별시 서초구,37.4916485,127.0289555,True,11220,강남역,강남역 5번출구,강남역 5번출구 도보7분
효리,1인샵,서울특별시 강남구 대치동,강남구,서울특별시 강남구,37.510177,127.042985,False,11230,선릉역,선릉역 1번출구,선릉역 1번출구 도보1분(올리브영 사거리)
지우,1인샵 | 스웨디시,서울특별시 강남구 논현동 강남대로,강남구,서울특별시 강남구,37.510163,127.021483,False,11230,논현역,논현역 3번출구,신논현역 3번출구 도보3분
스카이,1인샵 | 테라피,서울특별시 강남구 신사동 524-13 강남대로162길 45,강남구,서울특별시 강남구,37.5090222,127.0227614,True,11230,신사역,신사역 8번출구,신사역 8번출구 도보7분
솔지,1인샵 | 마사지,서울특별시 강남구 테헤란로2길 35,강남구,서울특별시 강남구,37.4960514,127.0300831,True,11230,,,서울특별시 강남구 역삼동 826-44
청담스웨디시,스웨디시,서울특별시 송파구 백제고분로 116,송파구,서울특별시 송파구,37.5064154,127.0798494,True,11240,종합운동장역,종합운동장역 9번출구,종합운동장역 9번출구 도보10분
카스탈리아,,서울특별시 강남구 언주로150길 14,강남구,서울특별시 강남구,37.5210154,127.0355075,True,11230,,,
선물에스테틱,1인샵,서울특별시 송파구 오금로11길 65,송파구,서울특별시 송파구,37.5152631,127.111195,True,11240,한성백제역,한성백제역 1번출구,한성백제역 1번출구 도보4분
다솜,1인샵 | 테라피,서울특별시 송파구 신천동,송파구,서울특별시 송파구,37.514881,127.104161,False,11240,잠실역,잠실역 9번출구,잠실역 9번출구 도보5분
닉스왁싱,1인샵,서울특별시 강남구 역삼동 837-13 강남대로66길 14,강남구,서울특별시 강남구,37.4917278,127.03184,True,11230,,,서울특별시 강남구 역삼동 837-13  (강남대로66길 14)
서윤,1인샵 | 마사지 | 스웨디시,서울특별시 송파구 문정동 620 새말로 62,송파구,서울특별시 송파구,37.477699,127.126274,False,11240,장지역,장지역 4번출구,장지역 4번출구 도보10분
세인트,1인샵,서울특별시 송파구 문정동 651-6 법원로8길 13,송파구,서울특별시 송파구,37.4816698,127.1206971,True,11240,문정역,문정역 3번출구,문정역 3번출구 도보3분
윤아,1인샵 | 스웨디시,서울특별시 송파구 법원로 114,송파구,서울특별시 송파구,37.4816698,127.1206971,True,11240,문정역,문정역 3번출구,문정역 3번출구 도보3분
미란다,1인샵 | 로미로미 | 테라피,서울특별시 강남구 대치동,강남구,서울특별시 강남구,37.510177,127.042985,False,11230,선릉역,선릉역 1번출구,선릉역 1번출구 도보5분
리사,1인샵,서울특별시 서초구 사임당로 178,서초구,서울특별시 서초구,37.4921331,127.0291018,True,11220,강남역,강남역 5번출구,강남역 5번출구 도보3분
현이,1인샵,서울특별시 송파구 잠실동 175-12 올림픽로 88,송파구,서울특별시 송파구,37.5114271,127.0805129,True,11240,종합운동장역,종합운동장역 9번출구,종합운동장역 9번출구 도보5분
하연이,1인샵 | 테라피,서울특별시 송파구 방이동,송파구,서울특별시 송파구,37.517641,127.11274,False,11240,몽촌토성역,몽촌토성역 3번출구,몽촌토성역 3번출구 도보3분
이브,1인샵 | 스웨디시,서울특별시 강남구 대치동,강남구,서울특별시 강남구,37.510177,127.042985,False,11230,선릉역,선릉역 1번출구,선릉역 1번출구 도보3분
와이힐링테라피,1인샵 | 테라피,서울특별시 강남구 역삼동 822-7 테헤란로 113,강남구,서울특별시 강남구,37.5041073,127.0475882,True,11230,,,서울특별시 강남구 역삼동 822-7(테헤란로 113)
약손 바디테라피,1인샵 | 테라피,서울특별시 송파구 방이동 42 올림픽로34길 5-14,송파구,서울특별시 송파구,37.5161355,127.1113386,True,11240,몽촌토성역,몽촌토성역 3번출구,몽촌토성역 3번출구 도보2분
팔네개왁싱,1인샵,서울특별시 송파구 문정동 652 법원로4길 5,송파구,서울특별시 송파구,37.4816698,127.1206971,True,11240,문정역,문정역 3번출구,문정역 3번출구 도보6분
루나,1인샵 | 스웨디시 | 아로마,서울특별시 강남구 대치동 890-59 선릉로86길 31,강남구,서울특별시 강남구,37.5041507,127.0520978,True,11230,선릉역,선릉역 1번출구,선릉역 1번출구 도보3분
소소,1인샵 | 테라피,서울특별시 강남구 삼성동 봉은사로,강남구,서울특별시 강남구,37.508861,127.063149,False,11230,삼성역,삼성역 5번출구,삼성역 5번출구 도보6분
썬데이,1인샵 | 스웨디시,서울특별시 강남구 역삼동,강남구,서울특별시 강남구,,,False,11230,,,서울특별시 강남구 역삼동
수완,1인샵 | 아로마,서울특별시 서초구 서초동 1580-15 반포대로20길 36,서초구,서울특별시 서초구,37.4879954,127.0118343,True,11220,교대역,교대역 14번출구,교대역 14번출구 도보8분 (홈샵:서울
